
bez-svetlo814.elf:     file format elf32-avr

Sections:
Idx Name          Size      VMA       LMA       File off  Algn
  0 .data         00000008  00803e00  0000103c  000010f0  2**0
                  CONTENTS, ALLOC, LOAD, DATA
  1 .text         0000103c  00000000  00000000  000000b4  2**1
                  CONTENTS, ALLOC, LOAD, READONLY, CODE
  2 .bss          0000000c  00803e08  00803e08  000010f8  2**0
                  ALLOC
  3 .eeprom       00000005  00810000  00810000  000010f8  2**0
                  CONTENTS, ALLOC, LOAD, DATA
  4 .comment      00000030  00000000  00000000  000010fd  2**0
                  CONTENTS, READONLY
  5 .note.gnu.avr.deviceinfo 0000003c  00000000  00000000  00001130  2**2
                  CONTENTS, READONLY
  6 .debug_aranges 00000108  00000000  00000000  00001170  2**3
                  CONTENTS, READONLY, DEBUGGING
  7 .debug_info   000033f4  00000000  00000000  00001278  2**0
                  CONTENTS, READONLY, DEBUGGING
  8 .debug_abbrev 00001842  00000000  00000000  0000466c  2**0
                  CONTENTS, READONLY, DEBUGGING
  9 .debug_line   00000cd3  00000000  00000000  00005eae  2**0
                  CONTENTS, READONLY, DEBUGGING
 10 .debug_frame  000001d0  00000000  00000000  00006b84  2**2
                  CONTENTS, READONLY, DEBUGGING
 11 .debug_str    000017ab  00000000  00000000  00006d54  2**0
                  CONTENTS, READONLY, DEBUGGING
 12 .debug_loc    00000896  00000000  00000000  000084ff  2**0
                  CONTENTS, READONLY, DEBUGGING
 13 .debug_ranges 000000a8  00000000  00000000  00008d95  2**0
                  CONTENTS, READONLY, DEBUGGING

Disassembly of section .text:

00000000 <__vectors>:
       0:	25 c0       	rjmp	.+74     	; 0x4c <__ctors_end>
       2:	3f c0       	rjmp	.+126    	; 0x82 <__bad_interrupt>
       4:	3e c0       	rjmp	.+124    	; 0x82 <__bad_interrupt>
       6:	3d c0       	rjmp	.+122    	; 0x82 <__bad_interrupt>
       8:	3c c0       	rjmp	.+120    	; 0x82 <__bad_interrupt>
       a:	3b c0       	rjmp	.+118    	; 0x82 <__bad_interrupt>
       c:	3a c0       	rjmp	.+116    	; 0x82 <__bad_interrupt>
       e:	39 c0       	rjmp	.+114    	; 0x82 <__bad_interrupt>
      10:	23 c3       	rjmp	.+1606   	; 0x658 <__vector_8>
      12:	37 c0       	rjmp	.+110    	; 0x82 <__bad_interrupt>
      14:	36 c0       	rjmp	.+108    	; 0x82 <__bad_interrupt>
      16:	35 c0       	rjmp	.+106    	; 0x82 <__bad_interrupt>
      18:	34 c0       	rjmp	.+104    	; 0x82 <__bad_interrupt>
      1a:	33 c0       	rjmp	.+102    	; 0x82 <__bad_interrupt>
      1c:	32 c0       	rjmp	.+100    	; 0x82 <__bad_interrupt>
      1e:	31 c0       	rjmp	.+98     	; 0x82 <__bad_interrupt>
      20:	30 c0       	rjmp	.+96     	; 0x82 <__bad_interrupt>
      22:	2f c0       	rjmp	.+94     	; 0x82 <__bad_interrupt>
      24:	2e c0       	rjmp	.+92     	; 0x82 <__bad_interrupt>
      26:	2d c0       	rjmp	.+90     	; 0x82 <__bad_interrupt>
      28:	2c c0       	rjmp	.+88     	; 0x82 <__bad_interrupt>
      2a:	2b c0       	rjmp	.+86     	; 0x82 <__bad_interrupt>
      2c:	2a c0       	rjmp	.+84     	; 0x82 <__bad_interrupt>
      2e:	29 c0       	rjmp	.+82     	; 0x82 <__bad_interrupt>
      30:	28 c0       	rjmp	.+80     	; 0x82 <__bad_interrupt>
      32:	27 c0       	rjmp	.+78     	; 0x82 <__bad_interrupt>
      34:	39 c4       	rjmp	.+2162   	; 0x8a8 <main+0x13a>
      36:	3e c4       	rjmp	.+2172   	; 0x8b4 <main+0x146>
      38:	43 c4       	rjmp	.+2182   	; 0x8c0 <main+0x152>
      3a:	48 c4       	rjmp	.+2192   	; 0x8cc <main+0x15e>
      3c:	4d c4       	rjmp	.+2202   	; 0x8d8 <main+0x16a>
      3e:	4e c4       	rjmp	.+2204   	; 0x8dc <main+0x16e>
      40:	55 c4       	rjmp	.+2218   	; 0x8ec <main+0x17e>
      42:	4e c4       	rjmp	.+2204   	; 0x8e0 <main+0x172>
      44:	50 c4       	rjmp	.+2208   	; 0x8e6 <main+0x178>
      46:	7f c4       	rjmp	.+2302   	; 0x946 <main+0x1d8>
      48:	81 c4       	rjmp	.+2306   	; 0x94c <main+0x1de>
      4a:	83 c4       	rjmp	.+2310   	; 0x952 <main+0x1e4>

0000004c <__ctors_end>:
      4c:	11 24       	eor	r1, r1
      4e:	1f be       	out	0x3f, r1	; 63
      50:	cf ef       	ldi	r28, 0xFF	; 255
      52:	cd bf       	out	0x3d, r28	; 61
      54:	df e3       	ldi	r29, 0x3F	; 63
      56:	de bf       	out	0x3e, r29	; 62

00000058 <__do_copy_data>:
      58:	1e e3       	ldi	r17, 0x3E	; 62
      5a:	a0 e0       	ldi	r26, 0x00	; 0
      5c:	be e3       	ldi	r27, 0x3E	; 62
      5e:	ec e3       	ldi	r30, 0x3C	; 60
      60:	f0 e1       	ldi	r31, 0x10	; 16
      62:	02 c0       	rjmp	.+4      	; 0x68 <__do_copy_data+0x10>
      64:	05 90       	lpm	r0, Z+
      66:	0d 92       	st	X+, r0
      68:	a8 30       	cpi	r26, 0x08	; 8
      6a:	b1 07       	cpc	r27, r17
      6c:	d9 f7       	brne	.-10     	; 0x64 <__do_copy_data+0xc>

0000006e <__do_clear_bss>:
      6e:	2e e3       	ldi	r18, 0x3E	; 62
      70:	a8 e0       	ldi	r26, 0x08	; 8
      72:	be e3       	ldi	r27, 0x3E	; 62
      74:	01 c0       	rjmp	.+2      	; 0x78 <.do_clear_bss_start>

00000076 <.do_clear_bss_loop>:
      76:	1d 92       	st	X+, r1

00000078 <.do_clear_bss_start>:
      78:	a4 31       	cpi	r26, 0x14	; 20
      7a:	b2 07       	cpc	r27, r18
      7c:	e1 f7       	brne	.-8      	; 0x76 <.do_clear_bss_loop>
      7e:	77 d3       	rcall	.+1774   	; 0x76e <main>
      80:	db c7       	rjmp	.+4022   	; 0x1038 <_exit>

00000082 <__bad_interrupt>:
      82:	be cf       	rjmp	.-132    	; 0x0 <__vectors>

00000084 <_Z11eepromResetv>:
}
void bargraf(float val) {
	bargraf(static_cast<uint8_t>(val*20.0));
}
void bargraf(uint16_t val) {
	bargraf(static_cast<uint8_t>(val));
      84:	42 ed       	ldi	r20, 0xD2	; 210
      86:	52 e0       	ldi	r21, 0x02	; 2
      88:	66 e9       	ldi	r22, 0x96	; 150
      8a:	79 e4       	ldi	r23, 0x49	; 73
      8c:	81 e0       	ldi	r24, 0x01	; 1
      8e:	90 e0       	ldi	r25, 0x00	; 0
      90:	97 d7       	rcall	.+3886   	; 0xfc0 <eeprom_update_dword>
      92:	60 e0       	ldi	r22, 0x00	; 0
      94:	80 e0       	ldi	r24, 0x00	; 0
      96:	90 e0       	ldi	r25, 0x00	; 0
      98:	88 d7       	rcall	.+3856   	; 0xfaa <eeprom_update_byte>
      9a:	08 95       	ret

0000009c <_Z5ledkym>:
      9c:	0f 93       	push	r16
      9e:	1f 93       	push	r17
      a0:	cf 93       	push	r28
      a2:	df 93       	push	r29
      a4:	ab 01       	movw	r20, r22
      a6:	bc 01       	movw	r22, r24
      a8:	80 e0       	ldi	r24, 0x00	; 0
      aa:	a0 e0       	ldi	r26, 0x00	; 0
      ac:	b0 e0       	ldi	r27, 0x00	; 0
      ae:	d0 e0       	ldi	r29, 0x00	; 0
      b0:	10 e0       	ldi	r17, 0x00	; 0
      b2:	88 30       	cpi	r24, 0x08	; 8
      b4:	28 f5       	brcc	.+74     	; 0x100 <_Z5ledkym+0x64>
      b6:	94 2f       	mov	r25, r20
      b8:	91 70       	andi	r25, 0x01	; 1
      ba:	80 ff       	sbrs	r24, 0
      bc:	0e c0       	rjmp	.+28     	; 0xda <_Z5ledkym+0x3e>
      be:	e8 2f       	mov	r30, r24
      c0:	f0 e0       	ldi	r31, 0x00	; 0
      c2:	f5 95       	asr	r31
      c4:	e7 95       	ror	r30
      c6:	29 2f       	mov	r18, r25
      c8:	30 e0       	ldi	r19, 0x00	; 0
      ca:	02 c0       	rjmp	.+4      	; 0xd0 <_Z5ledkym+0x34>
      cc:	22 0f       	add	r18, r18
      ce:	33 1f       	adc	r19, r19
      d0:	ea 95       	dec	r30
      d2:	e2 f7       	brpl	.-8      	; 0xcc <_Z5ledkym+0x30>
      d4:	d2 2b       	or	r29, r18
      d6:	a9 0f       	add	r26, r25
      d8:	0d c0       	rjmp	.+26     	; 0xf4 <_Z5ledkym+0x58>
      da:	e8 2f       	mov	r30, r24
      dc:	f0 e0       	ldi	r31, 0x00	; 0
      de:	f5 95       	asr	r31
      e0:	e7 95       	ror	r30
      e2:	29 2f       	mov	r18, r25
      e4:	30 e0       	ldi	r19, 0x00	; 0
      e6:	02 c0       	rjmp	.+4      	; 0xec <_Z5ledkym+0x50>
      e8:	22 0f       	add	r18, r18
      ea:	33 1f       	adc	r19, r19
      ec:	ea 95       	dec	r30
      ee:	e2 f7       	brpl	.-8      	; 0xe8 <_Z5ledkym+0x4c>
      f0:	12 2b       	or	r17, r18
      f2:	b9 0f       	add	r27, r25
      f4:	76 95       	lsr	r23
      f6:	67 95       	ror	r22
      f8:	57 95       	ror	r21
      fa:	47 95       	ror	r20
      fc:	8f 5f       	subi	r24, 0xFF	; 255
      fe:	d9 cf       	rjmp	.-78     	; 0xb2 <_Z5ledkym+0x16>
     100:	80 e0       	ldi	r24, 0x00	; 0
     102:	c0 e0       	ldi	r28, 0x00	; 0
     104:	00 e0       	ldi	r16, 0x00	; 0
     106:	8c 30       	cpi	r24, 0x0C	; 12
     108:	68 f5       	brcc	.+90     	; 0x164 <_Z5ledkym+0xc8>
     10a:	94 2f       	mov	r25, r20
     10c:	91 70       	andi	r25, 0x01	; 1
     10e:	80 ff       	sbrs	r24, 0
     110:	12 c0       	rjmp	.+36     	; 0x136 <_Z5ledkym+0x9a>
     112:	28 2f       	mov	r18, r24
     114:	30 e0       	ldi	r19, 0x00	; 0
     116:	35 95       	asr	r19
     118:	27 95       	ror	r18
     11a:	e7 e0       	ldi	r30, 0x07	; 7
     11c:	f0 e0       	ldi	r31, 0x00	; 0
     11e:	e2 1b       	sub	r30, r18
     120:	f3 0b       	sbc	r31, r19
     122:	29 2f       	mov	r18, r25
     124:	30 e0       	ldi	r19, 0x00	; 0
     126:	02 c0       	rjmp	.+4      	; 0x12c <_Z5ledkym+0x90>
     128:	22 0f       	add	r18, r18
     12a:	33 1f       	adc	r19, r19
     12c:	ea 95       	dec	r30
     12e:	e2 f7       	brpl	.-8      	; 0x128 <_Z5ledkym+0x8c>
     130:	c2 2b       	or	r28, r18
     132:	a9 0f       	add	r26, r25
     134:	11 c0       	rjmp	.+34     	; 0x158 <_Z5ledkym+0xbc>
     136:	28 2f       	mov	r18, r24
     138:	30 e0       	ldi	r19, 0x00	; 0
     13a:	35 95       	asr	r19
     13c:	27 95       	ror	r18
     13e:	e7 e0       	ldi	r30, 0x07	; 7
     140:	f0 e0       	ldi	r31, 0x00	; 0
     142:	e2 1b       	sub	r30, r18
     144:	f3 0b       	sbc	r31, r19
     146:	29 2f       	mov	r18, r25
     148:	30 e0       	ldi	r19, 0x00	; 0
     14a:	02 c0       	rjmp	.+4      	; 0x150 <_Z5ledkym+0xb4>
     14c:	22 0f       	add	r18, r18
     14e:	33 1f       	adc	r19, r19
     150:	ea 95       	dec	r30
     152:	e2 f7       	brpl	.-8      	; 0x14c <_Z5ledkym+0xb0>
     154:	02 2b       	or	r16, r18
     156:	b9 0f       	add	r27, r25
     158:	76 95       	lsr	r23
     15a:	67 95       	ror	r22
     15c:	57 95       	ror	r21
     15e:	47 95       	ror	r20
     160:	8f 5f       	subi	r24, 0xFF	; 255
     162:	d1 cf       	rjmp	.-94     	; 0x106 <_Z5ledkym+0x6a>
     164:	f8 94       	cli
     166:	00 93 0e 3e 	sts	0x3E0E, r16	; 0x803e0e <ledkyApos>
     16a:	c0 93 0d 3e 	sts	0x3E0D, r28	; 0x803e0d <ledkyAneg>
     16e:	10 93 0c 3e 	sts	0x3E0C, r17	; 0x803e0c <ledkyBpos>
     172:	d0 93 0b 3e 	sts	0x3E0B, r29	; 0x803e0b <ledkyBneg>
     176:	b0 93 05 3e 	sts	0x3E05, r27	; 0x803e05 <jasKorPos>
     17a:	a0 93 04 3e 	sts	0x3E04, r26	; 0x803e04 <jasKorNeg>
     17e:	78 94       	sei
     180:	df 91       	pop	r29
     182:	cf 91       	pop	r28
     184:	1f 91       	pop	r17
     186:	0f 91       	pop	r16
     188:	08 95       	ret

0000018a <_Z7bargrafh>:
     18a:	28 2f       	mov	r18, r24
     18c:	85 31       	cpi	r24, 0x15	; 21
     18e:	08 f0       	brcs	.+2      	; 0x192 <_Z7bargrafh+0x8>
     190:	24 e1       	ldi	r18, 0x14	; 20
     192:	81 e0       	ldi	r24, 0x01	; 1
     194:	90 e0       	ldi	r25, 0x00	; 0
     196:	a0 e0       	ldi	r26, 0x00	; 0
     198:	b0 e0       	ldi	r27, 0x00	; 0
     19a:	04 c0       	rjmp	.+8      	; 0x1a4 <_Z7bargrafh+0x1a>
     19c:	88 0f       	add	r24, r24
     19e:	99 1f       	adc	r25, r25
     1a0:	aa 1f       	adc	r26, r26
     1a2:	bb 1f       	adc	r27, r27
     1a4:	2a 95       	dec	r18
     1a6:	d2 f7       	brpl	.-12     	; 0x19c <_Z7bargrafh+0x12>
     1a8:	bc 01       	movw	r22, r24
     1aa:	cd 01       	movw	r24, r26
     1ac:	61 50       	subi	r22, 0x01	; 1
     1ae:	71 09       	sbc	r23, r1
     1b0:	81 09       	sbc	r24, r1
     1b2:	91 09       	sbc	r25, r1
     1b4:	73 df       	rcall	.-282    	; 0x9c <_Z5ledkym>
     1b6:	08 95       	ret

000001b8 <_Z7bargraff>:
     1b8:	20 e0       	ldi	r18, 0x00	; 0
     1ba:	30 e0       	ldi	r19, 0x00	; 0
     1bc:	40 ea       	ldi	r20, 0xA0	; 160
     1be:	51 e4       	ldi	r21, 0x41	; 65
     1c0:	c3 d5       	rcall	.+2950   	; 0xd48 <__mulsf3>
     1c2:	e1 d4       	rcall	.+2498   	; 0xb86 <__fixunssfsi>
     1c4:	86 2f       	mov	r24, r22
     1c6:	e1 df       	rcall	.-62     	; 0x18a <_Z7bargrafh>
     1c8:	08 95       	ret

000001ca <_Z5cekejm>:
}

void cekej(uint32_t dt) { // ==================================================
     1ca:	0f 93       	push	r16
     1cc:	1f 93       	push	r17
     1ce:	8b 01       	movw	r16, r22
     1d0:	9c 01       	movw	r18, r24
	uint32_t		t = 0UL;
	static uint8_t	tlacTmp, tlacLast=0, tlacCnt=0;
	
	if (dt>0) ms10isrCnt = 0;
     1d2:	67 2b       	or	r22, r23
     1d4:	68 2b       	or	r22, r24
     1d6:	69 2b       	or	r22, r25
     1d8:	11 f0       	breq	.+4      	; 0x1de <_Z5cekejm+0x14>
     1da:	10 92 13 3e 	sts	0x3E13, r1	; 0x803e13 <ms10isrCnt>
}
void bargraf(uint16_t val) {
	bargraf(static_cast<uint8_t>(val));
}

void cekej(uint32_t dt) { // ==================================================
     1de:	40 e0       	ldi	r20, 0x00	; 0
     1e0:	50 e0       	ldi	r21, 0x00	; 0
     1e2:	ba 01       	movw	r22, r20
	uint32_t		t = 0UL;
	static uint8_t	tlacTmp, tlacLast=0, tlacCnt=0;
	
	if (dt>0) ms10isrCnt = 0;
	do {
		if (ms10isrCnt >= 10) { // každou ms, ale mùže dohnat až 25 promeškaných
     1e4:	80 91 13 3e 	lds	r24, 0x3E13	; 0x803e13 <ms10isrCnt>
     1e8:	8a 30       	cpi	r24, 0x0A	; 10
     1ea:	08 f4       	brcc	.+2      	; 0x1ee <_Z5cekejm+0x24>
     1ec:	49 c0       	rjmp	.+146    	; 0x280 <__DATA_REGION_LENGTH__+0x80>
			ms10isrCnt -= 10;
     1ee:	80 91 13 3e 	lds	r24, 0x3E13	; 0x803e13 <ms10isrCnt>
     1f2:	8a 50       	subi	r24, 0x0A	; 10
     1f4:	80 93 13 3e 	sts	0x3E13, r24	; 0x803e13 <ms10isrCnt>
			t++;
     1f8:	4f 5f       	subi	r20, 0xFF	; 255
     1fa:	5f 4f       	sbci	r21, 0xFF	; 255
     1fc:	6f 4f       	sbci	r22, 0xFF	; 255
     1fe:	7f 4f       	sbci	r23, 0xFF	; 255
			
			tlacTmp = ~TLAC_port.IN & TLAC_bm;
     200:	90 91 08 04 	lds	r25, 0x0408	; 0x800408 <__RODATA_PM_OFFSET__+0x7f8408>
     204:	81 e0       	ldi	r24, 0x01	; 1
     206:	89 27       	eor	r24, r25
     208:	81 70       	andi	r24, 0x01	; 1
			if (tlacTmp==tlacLast) tlacCnt++;
     20a:	90 91 0a 3e 	lds	r25, 0x3E0A	; 0x803e0a <_ZZ5cekejmE8tlacLast>
     20e:	89 13       	cpse	r24, r25
     210:	06 c0       	rjmp	.+12     	; 0x21e <__DATA_REGION_LENGTH__+0x1e>
     212:	90 91 09 3e 	lds	r25, 0x3E09	; 0x803e09 <_ZZ5cekejmE7tlacCnt>
     216:	9f 5f       	subi	r25, 0xFF	; 255
     218:	90 93 09 3e 	sts	0x3E09, r25	; 0x803e09 <_ZZ5cekejmE7tlacCnt>
     21c:	02 c0       	rjmp	.+4      	; 0x222 <__DATA_REGION_LENGTH__+0x22>
			else tlacCnt = 0;
     21e:	10 92 09 3e 	sts	0x3E09, r1	; 0x803e09 <_ZZ5cekejmE7tlacCnt>
			tlacLast = tlacTmp;
     222:	80 93 0a 3e 	sts	0x3E0A, r24	; 0x803e0a <_ZZ5cekejmE8tlacLast>
			
			if (tlacCnt > 5) {
     226:	90 91 09 3e 	lds	r25, 0x3E09	; 0x803e09 <_ZZ5cekejmE7tlacCnt>
     22a:	96 30       	cpi	r25, 0x06	; 6
     22c:	28 f0       	brcs	.+10     	; 0x238 <__DATA_REGION_LENGTH__+0x38>
				tlacCnt = 5;
     22e:	95 e0       	ldi	r25, 0x05	; 5
     230:	90 93 09 3e 	sts	0x3E09, r25	; 0x803e09 <_ZZ5cekejmE7tlacCnt>
				tlacitko = tlacTmp;
     234:	80 93 12 3e 	sts	0x3E12, r24	; 0x803e12 <tlacitko>
			}
			if (tlacitko) {
     238:	80 91 12 3e 	lds	r24, 0x3E12	; 0x803e12 <tlacitko>
     23c:	88 23       	and	r24, r24
     23e:	71 f0       	breq	.+28     	; 0x25c <__DATA_REGION_LENGTH__+0x5c>
				if (tlacitkoTim < 65535) tlacitkoTim++;
     240:	80 91 10 3e 	lds	r24, 0x3E10	; 0x803e10 <tlacitkoTim>
     244:	90 91 11 3e 	lds	r25, 0x3E11	; 0x803e11 <tlacitkoTim+0x1>
     248:	8f 3f       	cpi	r24, 0xFF	; 255
     24a:	ef ef       	ldi	r30, 0xFF	; 255
     24c:	9e 07       	cpc	r25, r30
     24e:	51 f0       	breq	.+20     	; 0x264 <__DATA_REGION_LENGTH__+0x64>
     250:	01 96       	adiw	r24, 0x01	; 1
     252:	80 93 10 3e 	sts	0x3E10, r24	; 0x803e10 <tlacitkoTim>
     256:	90 93 11 3e 	sts	0x3E11, r25	; 0x803e11 <tlacitkoTim+0x1>
     25a:	04 c0       	rjmp	.+8      	; 0x264 <__DATA_REGION_LENGTH__+0x64>
			} else {
				tlacitkoTim = 0;
     25c:	10 92 10 3e 	sts	0x3E10, r1	; 0x803e10 <tlacitkoTim>
     260:	10 92 11 3e 	sts	0x3E11, r1	; 0x803e11 <tlacitkoTim+0x1>
			}
			if (tlacitkoTim>modeSwTimLim) {
     264:	e0 91 10 3e 	lds	r30, 0x3E10	; 0x803e10 <tlacitkoTim>
     268:	f0 91 11 3e 	lds	r31, 0x3E11	; 0x803e11 <tlacitkoTim+0x1>
     26c:	80 91 06 3e 	lds	r24, 0x3E06	; 0x803e06 <modeSwTimLim>
     270:	90 91 07 3e 	lds	r25, 0x3E07	; 0x803e07 <modeSwTimLim+0x1>
     274:	8e 17       	cp	r24, r30
     276:	9f 07       	cpc	r25, r31
     278:	18 f4       	brcc	.+6      	; 0x280 <__DATA_REGION_LENGTH__+0x80>
				modeSwBylo = true;
     27a:	81 e0       	ldi	r24, 0x01	; 1
     27c:	80 93 0f 3e 	sts	0x3E0F, r24	; 0x803e0f <modeSwBylo>
				| (static_cast<uint32_t>(tlacitko)<<19)
				| (static_cast<uint32_t>(tlacTmp)<<18)
			);*/
		}
		
	} while (t<dt);
     280:	40 17       	cp	r20, r16
     282:	51 07       	cpc	r21, r17
     284:	62 07       	cpc	r22, r18
     286:	73 07       	cpc	r23, r19
     288:	08 f4       	brcc	.+2      	; 0x28c <__DATA_REGION_LENGTH__+0x8c>
     28a:	ac cf       	rjmp	.-168    	; 0x1e4 <_Z5cekejm+0x1a>
}
     28c:	1f 91       	pop	r17
     28e:	0f 91       	pop	r16
     290:	08 95       	ret

00000292 <_Z9bezSvetlohhhh>:


// lr: 0 vlevo / 1 vpravo, skup: poèet skupin, pocLed: LED ve skupinì
void bezSvetlo(uint8_t lr, uint8_t skup, uint8_t pocLed, uint8_t cas) { // ====
     292:	cf 92       	push	r12
     294:	df 92       	push	r13
     296:	ef 92       	push	r14
     298:	ff 92       	push	r15
     29a:	1f 93       	push	r17
     29c:	cf 93       	push	r28
     29e:	df 93       	push	r29
     2a0:	c8 2f       	mov	r28, r24
     2a2:	16 2f       	mov	r17, r22
     2a4:	d2 2f       	mov	r29, r18
	uint32_t kruh = 0;
	uint8_t rozestup = 20/skup;
     2a6:	70 e0       	ldi	r23, 0x00	; 0
     2a8:	84 e1       	ldi	r24, 0x14	; 20
     2aa:	90 e0       	ldi	r25, 0x00	; 0
     2ac:	ba d5       	rcall	.+2932   	; 0xe22 <__divmodhi4>
	
	modeSwTimLim = static_cast<uint16_t>(cas << 1);
     2ae:	82 2f       	mov	r24, r18
     2b0:	90 e0       	ldi	r25, 0x00	; 0
     2b2:	88 0f       	add	r24, r24
     2b4:	99 1f       	adc	r25, r25
     2b6:	80 93 06 3e 	sts	0x3E06, r24	; 0x803e06 <modeSwTimLim>
     2ba:	90 93 07 3e 	sts	0x3E07, r25	; 0x803e07 <modeSwTimLim+0x1>
	
	for (uint8_t s=0; s<skup; s++) {
     2be:	30 e0       	ldi	r19, 0x00	; 0
}


// lr: 0 vlevo / 1 vpravo, skup: poèet skupin, pocLed: LED ve skupinì
void bezSvetlo(uint8_t lr, uint8_t skup, uint8_t pocLed, uint8_t cas) { // ====
	uint32_t kruh = 0;
     2c0:	c1 2c       	mov	r12, r1
     2c2:	d1 2c       	mov	r13, r1
     2c4:	76 01       	movw	r14, r12
	uint8_t rozestup = 20/skup;
	
	modeSwTimLim = static_cast<uint16_t>(cas << 1);
	
	for (uint8_t s=0; s<skup; s++) {
     2c6:	31 17       	cp	r19, r17
     2c8:	e0 f4       	brcc	.+56     	; 0x302 <_Z9bezSvetlohhhh+0x70>
     2ca:	20 e0       	ldi	r18, 0x00	; 0
		for (uint8_t d=0; d<pocLed; d++) {
     2cc:	24 17       	cp	r18, r20
     2ce:	b8 f4       	brcc	.+46     	; 0x2fe <_Z9bezSvetlohhhh+0x6c>
			kruh |= 1 << s * rozestup + d;
     2d0:	e2 2f       	mov	r30, r18
     2d2:	f0 e0       	ldi	r31, 0x00	; 0
     2d4:	63 9f       	mul	r22, r19
     2d6:	e0 0d       	add	r30, r0
     2d8:	f1 1d       	adc	r31, r1
     2da:	11 24       	eor	r1, r1
     2dc:	81 e0       	ldi	r24, 0x01	; 1
     2de:	90 e0       	ldi	r25, 0x00	; 0
     2e0:	02 c0       	rjmp	.+4      	; 0x2e6 <_Z9bezSvetlohhhh+0x54>
     2e2:	88 0f       	add	r24, r24
     2e4:	99 1f       	adc	r25, r25
     2e6:	ea 95       	dec	r30
     2e8:	e2 f7       	brpl	.-8      	; 0x2e2 <_Z9bezSvetlohhhh+0x50>
     2ea:	09 2e       	mov	r0, r25
     2ec:	00 0c       	add	r0, r0
     2ee:	aa 0b       	sbc	r26, r26
     2f0:	bb 0b       	sbc	r27, r27
     2f2:	c8 2a       	or	r12, r24
     2f4:	d9 2a       	or	r13, r25
     2f6:	ea 2a       	or	r14, r26
     2f8:	fb 2a       	or	r15, r27
	uint8_t rozestup = 20/skup;
	
	modeSwTimLim = static_cast<uint16_t>(cas << 1);
	
	for (uint8_t s=0; s<skup; s++) {
		for (uint8_t d=0; d<pocLed; d++) {
     2fa:	2f 5f       	subi	r18, 0xFF	; 255
     2fc:	e7 cf       	rjmp	.-50     	; 0x2cc <_Z9bezSvetlohhhh+0x3a>
	uint32_t kruh = 0;
	uint8_t rozestup = 20/skup;
	
	modeSwTimLim = static_cast<uint16_t>(cas << 1);
	
	for (uint8_t s=0; s<skup; s++) {
     2fe:	3f 5f       	subi	r19, 0xFF	; 255
     300:	e2 cf       	rjmp	.-60     	; 0x2c6 <_Z9bezSvetlohhhh+0x34>
		for (uint8_t d=0; d<pocLed; d++) {
			kruh |= 1 << s * rozestup + d;
		}
	}
	
	while (!modeSwBylo) for (
     302:	80 91 0f 3e 	lds	r24, 0x3E0F	; 0x803e0f <modeSwBylo>
     306:	81 11       	cpse	r24, r1
     308:	46 c0       	rjmp	.+140    	; 0x396 <_Z9bezSvetlohhhh+0x104>
		uint8_t n = lr ? 19 : 0;
     30a:	cc 23       	and	r28, r28
     30c:	11 f0       	breq	.+4      	; 0x312 <_Z9bezSvetlohhhh+0x80>
     30e:	13 e1       	ldi	r17, 0x13	; 19
     310:	01 c0       	rjmp	.+2      	; 0x314 <_Z9bezSvetlohhhh+0x82>
     312:	10 e0       	ldi	r17, 0x00	; 0
		n<20 && !modeSwBylo;
     314:	14 31       	cpi	r17, 0x14	; 20
     316:	a8 f7       	brcc	.-22     	; 0x302 <_Z9bezSvetlohhhh+0x70>
     318:	80 91 0f 3e 	lds	r24, 0x3E0F	; 0x803e0f <modeSwBylo>
     31c:	81 11       	cpse	r24, r1
     31e:	f1 cf       	rjmp	.-30     	; 0x302 <_Z9bezSvetlohhhh+0x70>
		lr ? n-- : n++
	) {
		uint32_t tmp;
		if (lr) {
     320:	cc 23       	and	r28, r28
     322:	a1 f0       	breq	.+40     	; 0x34c <_Z9bezSvetlohhhh+0xba>
			tmp = (kruh & (1UL << 19)) >> 19;
     324:	d7 01       	movw	r26, r14
     326:	c6 01       	movw	r24, r12
     328:	88 27       	eor	r24, r24
     32a:	99 27       	eor	r25, r25
     32c:	a8 70       	andi	r26, 0x08	; 8
     32e:	bb 27       	eor	r27, r27
     330:	07 2e       	mov	r0, r23
     332:	73 e1       	ldi	r23, 0x13	; 19
     334:	b6 95       	lsr	r27
     336:	a7 95       	ror	r26
     338:	97 95       	ror	r25
     33a:	87 95       	ror	r24
     33c:	7a 95       	dec	r23
     33e:	d1 f7       	brne	.-12     	; 0x334 <_Z9bezSvetlohhhh+0xa2>
     340:	70 2d       	mov	r23, r0
			kruh <<= 1;
     342:	cc 0c       	add	r12, r12
     344:	dd 1c       	adc	r13, r13
     346:	ee 1c       	adc	r14, r14
     348:	ff 1c       	adc	r15, r15
     34a:	13 c0       	rjmp	.+38     	; 0x372 <_Z9bezSvetlohhhh+0xe0>
		} else {
			tmp = (kruh & 1UL) << 19;
     34c:	d7 01       	movw	r26, r14
     34e:	c6 01       	movw	r24, r12
     350:	81 70       	andi	r24, 0x01	; 1
     352:	99 27       	eor	r25, r25
     354:	aa 27       	eor	r26, r26
     356:	bb 27       	eor	r27, r27
     358:	07 2e       	mov	r0, r23
     35a:	73 e1       	ldi	r23, 0x13	; 19
     35c:	88 0f       	add	r24, r24
     35e:	99 1f       	adc	r25, r25
     360:	aa 1f       	adc	r26, r26
     362:	bb 1f       	adc	r27, r27
     364:	7a 95       	dec	r23
     366:	d1 f7       	brne	.-12     	; 0x35c <_Z9bezSvetlohhhh+0xca>
     368:	70 2d       	mov	r23, r0
			kruh >>= 1;
     36a:	f6 94       	lsr	r15
     36c:	e7 94       	ror	r14
     36e:	d7 94       	ror	r13
     370:	c7 94       	ror	r12
		}
		kruh |= tmp;
     372:	c8 2a       	or	r12, r24
     374:	d9 2a       	or	r13, r25
     376:	ea 2a       	or	r14, r26
     378:	fb 2a       	or	r15, r27
		ledky(kruh);
     37a:	c7 01       	movw	r24, r14
     37c:	b6 01       	movw	r22, r12
     37e:	8e de       	rcall	.-740    	; 0x9c <_Z5ledkym>
		cekej(static_cast<uint32_t>(cas));
     380:	6d 2f       	mov	r22, r29
     382:	70 e0       	ldi	r23, 0x00	; 0
     384:	80 e0       	ldi	r24, 0x00	; 0
     386:	90 e0       	ldi	r25, 0x00	; 0
     388:	20 df       	rcall	.-448    	; 0x1ca <_Z5cekejm>
		for (uint8_t d=0; d<pocLed; d++) {
			kruh |= 1 << s * rozestup + d;
		}
	}
	
	while (!modeSwBylo) for (
     38a:	cc 23       	and	r28, r28
     38c:	11 f0       	breq	.+4      	; 0x392 <_Z9bezSvetlohhhh+0x100>
     38e:	11 50       	subi	r17, 0x01	; 1
     390:	c1 cf       	rjmp	.-126    	; 0x314 <_Z9bezSvetlohhhh+0x82>
     392:	1f 5f       	subi	r17, 0xFF	; 255
     394:	bf cf       	rjmp	.-130    	; 0x314 <_Z9bezSvetlohhhh+0x82>
		}
		kruh |= tmp;
		ledky(kruh);
		cekej(static_cast<uint32_t>(cas));
	} // konec for ve while
}
     396:	df 91       	pop	r29
     398:	cf 91       	pop	r28
     39a:	1f 91       	pop	r17
     39c:	ff 90       	pop	r15
     39e:	ef 90       	pop	r14
     3a0:	df 90       	pop	r13
     3a2:	cf 90       	pop	r12
     3a4:	08 95       	ret

000003a6 <_Z12rotZtlacitkav>:

void rotZtlacitka() { // rotovat stream z tlacitka ============================
     3a6:	cf 92       	push	r12
     3a8:	df 92       	push	r13
     3aa:	ef 92       	push	r14
     3ac:	ff 92       	push	r15
	uint32_t kruh = 0;
	
	modeSwTimLim = 3000;
     3ae:	88 eb       	ldi	r24, 0xB8	; 184
     3b0:	9b e0       	ldi	r25, 0x0B	; 11
     3b2:	80 93 06 3e 	sts	0x3E06, r24	; 0x803e06 <modeSwTimLim>
     3b6:	90 93 07 3e 	sts	0x3E07, r25	; 0x803e07 <modeSwTimLim+0x1>
		cekej(static_cast<uint32_t>(cas));
	} // konec for ve while
}

void rotZtlacitka() { // rotovat stream z tlacitka ============================
	uint32_t kruh = 0;
     3ba:	c1 2c       	mov	r12, r1
     3bc:	d1 2c       	mov	r13, r1
     3be:	76 01       	movw	r14, r12
	
	modeSwTimLim = 3000;
	
	while (!modeSwBylo) {
     3c0:	80 91 0f 3e 	lds	r24, 0x3E0F	; 0x803e0f <modeSwBylo>
     3c4:	81 11       	cpse	r24, r1
     3c6:	10 c0       	rjmp	.+32     	; 0x3e8 <_Z12rotZtlacitkav+0x42>
		kruh <<= 1;
     3c8:	cc 0c       	add	r12, r12
     3ca:	dd 1c       	adc	r13, r13
     3cc:	ee 1c       	adc	r14, r14
     3ce:	ff 1c       	adc	r15, r15
		kruh |= tlacitko;
     3d0:	80 91 12 3e 	lds	r24, 0x3E12	; 0x803e12 <tlacitko>
     3d4:	c8 2a       	or	r12, r24
		ledky(kruh);
     3d6:	c7 01       	movw	r24, r14
     3d8:	b6 01       	movw	r22, r12
     3da:	60 de       	rcall	.-832    	; 0x9c <_Z5ledkym>
		cekej(150);
     3dc:	66 e9       	ldi	r22, 0x96	; 150
     3de:	70 e0       	ldi	r23, 0x00	; 0
     3e0:	80 e0       	ldi	r24, 0x00	; 0
     3e2:	90 e0       	ldi	r25, 0x00	; 0
     3e4:	f2 de       	rcall	.-540    	; 0x1ca <_Z5cekejm>
void rotZtlacitka() { // rotovat stream z tlacitka ============================
	uint32_t kruh = 0;
	
	modeSwTimLim = 3000;
	
	while (!modeSwBylo) {
     3e6:	ec cf       	rjmp	.-40     	; 0x3c0 <_Z12rotZtlacitkav+0x1a>
		kruh <<= 1;
		kruh |= tlacitko;
		ledky(kruh);
		cekej(150);
	}
}
     3e8:	ff 90       	pop	r15
     3ea:	ef 90       	pop	r14
     3ec:	df 90       	pop	r13
     3ee:	cf 90       	pop	r12
     3f0:	08 95       	ret

000003f2 <_Z8citacBinv>:

void citacBin() { // ==========================================================
     3f2:	cf 92       	push	r12
     3f4:	df 92       	push	r13
     3f6:	ef 92       	push	r14
     3f8:	ff 92       	push	r15
	modeSwTimLim = 100;
     3fa:	84 e6       	ldi	r24, 0x64	; 100
     3fc:	90 e0       	ldi	r25, 0x00	; 0
     3fe:	80 93 06 3e 	sts	0x3E06, r24	; 0x803e06 <modeSwTimLim>
     402:	90 93 07 3e 	sts	0x3E07, r25	; 0x803e07 <modeSwTimLim+0x1>
	
	while (1) for (uint32_t cnt = 0; cnt<(1UL<<20); cnt++) {
     406:	c1 2c       	mov	r12, r1
     408:	d1 2c       	mov	r13, r1
     40a:	76 01       	movw	r14, r12
     40c:	c1 14       	cp	r12, r1
     40e:	d1 04       	cpc	r13, r1
     410:	80 e1       	ldi	r24, 0x10	; 16
     412:	e8 06       	cpc	r14, r24
     414:	f1 04       	cpc	r15, r1
     416:	b8 f7       	brcc	.-18     	; 0x406 <__LOCK_REGION_LENGTH__+0x6>
		ledky(cnt);
     418:	c7 01       	movw	r24, r14
     41a:	b6 01       	movw	r22, r12
     41c:	3f de       	rcall	.-898    	; 0x9c <_Z5ledkym>
		cekej(10);
     41e:	6a e0       	ldi	r22, 0x0A	; 10
     420:	70 e0       	ldi	r23, 0x00	; 0
     422:	80 e0       	ldi	r24, 0x00	; 0
     424:	90 e0       	ldi	r25, 0x00	; 0
     426:	d1 de       	rcall	.-606    	; 0x1ca <_Z5cekejm>
		if (modeSwBylo) return;
     428:	80 91 0f 3e 	lds	r24, 0x3E0F	; 0x803e0f <modeSwBylo>
     42c:	81 11       	cpse	r24, r1
     42e:	06 c0       	rjmp	.+12     	; 0x43c <__LOCK_REGION_LENGTH__+0x3c>
}

void citacBin() { // ==========================================================
	modeSwTimLim = 100;
	
	while (1) for (uint32_t cnt = 0; cnt<(1UL<<20); cnt++) {
     430:	8f ef       	ldi	r24, 0xFF	; 255
     432:	c8 1a       	sub	r12, r24
     434:	d8 0a       	sbc	r13, r24
     436:	e8 0a       	sbc	r14, r24
     438:	f8 0a       	sbc	r15, r24
     43a:	e8 cf       	rjmp	.-48     	; 0x40c <__LOCK_REGION_LENGTH__+0xc>
		ledky(cnt);
		cekej(10);
		if (modeSwBylo) return;
	}
}
     43c:	ff 90       	pop	r15
     43e:	ef 90       	pop	r14
     440:	df 90       	pop	r13
     442:	cf 90       	pop	r12
     444:	08 95       	ret

00000446 <_Z11postrehomerh>:

void postrehomer(uint8_t unit) { // ===========================================
     446:	1f 93       	push	r17
     448:	cf 93       	push	r28
     44a:	df 93       	push	r29
     44c:	18 2f       	mov	r17, r24
	modeSwTimLim = 500;
     44e:	84 ef       	ldi	r24, 0xF4	; 244
     450:	91 e0       	ldi	r25, 0x01	; 1
     452:	80 93 06 3e 	sts	0x3E06, r24	; 0x803e06 <modeSwTimLim>
     456:	90 93 07 3e 	sts	0x3E07, r25	; 0x803e07 <modeSwTimLim+0x1>
	
	while (!modeSwBylo) {
     45a:	80 91 0f 3e 	lds	r24, 0x3E0F	; 0x803e0f <modeSwBylo>
     45e:	81 11       	cpse	r24, r1
     460:	61 c0       	rjmp	.+194    	; 0x524 <_Z11postrehomerh+0xde>
     462:	c0 e0       	ldi	r28, 0x00	; 0
		for (uint8_t n=0; n<20; n++) {
     464:	c4 31       	cpi	r28, 0x14	; 20
     466:	d0 f4       	brcc	.+52     	; 0x49c <_Z11postrehomerh+0x56>
			ledky(1UL << n);
     468:	81 e0       	ldi	r24, 0x01	; 1
     46a:	90 e0       	ldi	r25, 0x00	; 0
     46c:	a0 e0       	ldi	r26, 0x00	; 0
     46e:	b0 e0       	ldi	r27, 0x00	; 0
     470:	bc 01       	movw	r22, r24
     472:	cd 01       	movw	r24, r26
     474:	0c 2e       	mov	r0, r28
     476:	04 c0       	rjmp	.+8      	; 0x480 <_Z11postrehomerh+0x3a>
     478:	66 0f       	add	r22, r22
     47a:	77 1f       	adc	r23, r23
     47c:	88 1f       	adc	r24, r24
     47e:	99 1f       	adc	r25, r25
     480:	0a 94       	dec	r0
     482:	d2 f7       	brpl	.-12     	; 0x478 <_Z11postrehomerh+0x32>
     484:	0b de       	rcall	.-1002   	; 0x9c <_Z5ledkym>
			cekej(150);
     486:	66 e9       	ldi	r22, 0x96	; 150
     488:	70 e0       	ldi	r23, 0x00	; 0
     48a:	80 e0       	ldi	r24, 0x00	; 0
     48c:	90 e0       	ldi	r25, 0x00	; 0
     48e:	9d de       	rcall	.-710    	; 0x1ca <_Z5cekejm>
			if (modeSwBylo) return;
     490:	80 91 0f 3e 	lds	r24, 0x3E0F	; 0x803e0f <modeSwBylo>
     494:	81 11       	cpse	r24, r1
     496:	46 c0       	rjmp	.+140    	; 0x524 <_Z11postrehomerh+0xde>

void postrehomer(uint8_t unit) { // ===========================================
	modeSwTimLim = 500;
	
	while (!modeSwBylo) {
		for (uint8_t n=0; n<20; n++) {
     498:	cf 5f       	subi	r28, 0xFF	; 255
     49a:	e4 cf       	rjmp	.-56     	; 0x464 <_Z11postrehomerh+0x1e>
			ledky(1UL << n);
			cekej(150);
			if (modeSwBylo) return;
		}
		ledky((1UL<<20) - 1);
     49c:	6f ef       	ldi	r22, 0xFF	; 255
     49e:	7f ef       	ldi	r23, 0xFF	; 255
     4a0:	8f e0       	ldi	r24, 0x0F	; 15
     4a2:	90 e0       	ldi	r25, 0x00	; 0
     4a4:	fb dd       	rcall	.-1034   	; 0x9c <_Z5ledkym>
		cekej(rand() % 500 + 500);
     4a6:	6a d5       	rcall	.+2772   	; 0xf7c <rand>
     4a8:	64 ef       	ldi	r22, 0xF4	; 244
     4aa:	71 e0       	ldi	r23, 0x01	; 1
     4ac:	ba d4       	rcall	.+2420   	; 0xe22 <__divmodhi4>
     4ae:	bc 01       	movw	r22, r24
     4b0:	6c 50       	subi	r22, 0x0C	; 12
     4b2:	7e 4f       	sbci	r23, 0xFE	; 254
     4b4:	07 2e       	mov	r0, r23
     4b6:	00 0c       	add	r0, r0
     4b8:	88 0b       	sbc	r24, r24
     4ba:	99 0b       	sbc	r25, r25
     4bc:	86 de       	rcall	.-756    	; 0x1ca <_Z5cekejm>
		ledky(0);
     4be:	60 e0       	ldi	r22, 0x00	; 0
     4c0:	70 e0       	ldi	r23, 0x00	; 0
     4c2:	cb 01       	movw	r24, r22
     4c4:	eb dd       	rcall	.-1066   	; 0x9c <_Z5ledkym>
		uint8_t cnt;
		for (cnt=1; cnt<21; cnt++) {
     4c6:	c1 e0       	ldi	r28, 0x01	; 1
     4c8:	c5 31       	cpi	r28, 0x15	; 21
     4ca:	48 f4       	brcc	.+18     	; 0x4de <_Z11postrehomerh+0x98>
			cekej(unit);
     4cc:	61 2f       	mov	r22, r17
     4ce:	70 e0       	ldi	r23, 0x00	; 0
     4d0:	80 e0       	ldi	r24, 0x00	; 0
     4d2:	90 e0       	ldi	r25, 0x00	; 0
     4d4:	7a de       	rcall	.-780    	; 0x1ca <_Z5cekejm>
			if (tlacitko) break;
     4d6:	80 91 12 3e 	lds	r24, 0x3E12	; 0x803e12 <tlacitko>
     4da:	88 23       	and	r24, r24
     4dc:	11 f0       	breq	.+4      	; 0x4e2 <_Z11postrehomerh+0x9c>
		}
		ledky((1UL<<20) - 1);
		cekej(rand() % 500 + 500);
		ledky(0);
		uint8_t cnt;
		for (cnt=1; cnt<21; cnt++) {
     4de:	d0 e0       	ldi	r29, 0x00	; 0
     4e0:	08 c0       	rjmp	.+16     	; 0x4f2 <_Z11postrehomerh+0xac>
			cekej(unit);
			if (tlacitko) break;
			bargraf(cnt);
     4e2:	8c 2f       	mov	r24, r28
     4e4:	52 de       	rcall	.-860    	; 0x18a <_Z7bargrafh>
			if (modeSwBylo) return;
     4e6:	80 91 0f 3e 	lds	r24, 0x3E0F	; 0x803e0f <modeSwBylo>
     4ea:	81 11       	cpse	r24, r1
     4ec:	1b c0       	rjmp	.+54     	; 0x524 <_Z11postrehomerh+0xde>
		}
		ledky((1UL<<20) - 1);
		cekej(rand() % 500 + 500);
		ledky(0);
		uint8_t cnt;
		for (cnt=1; cnt<21; cnt++) {
     4ee:	cf 5f       	subi	r28, 0xFF	; 255
     4f0:	eb cf       	rjmp	.-42     	; 0x4c8 <_Z11postrehomerh+0x82>
			cekej(unit);
			if (tlacitko) break;
			bargraf(cnt);
			if (modeSwBylo) return;
		}
		for (uint8_t n=0; n<20; n++) {
     4f2:	d4 31       	cpi	r29, 0x14	; 20
     4f4:	08 f0       	brcs	.+2      	; 0x4f8 <_Z11postrehomerh+0xb2>
     4f6:	b1 cf       	rjmp	.-158    	; 0x45a <_Z11postrehomerh+0x14>
			bargraf(cnt);
     4f8:	8c 2f       	mov	r24, r28
     4fa:	47 de       	rcall	.-882    	; 0x18a <_Z7bargrafh>
			cekej(100);
     4fc:	64 e6       	ldi	r22, 0x64	; 100
     4fe:	70 e0       	ldi	r23, 0x00	; 0
     500:	80 e0       	ldi	r24, 0x00	; 0
     502:	90 e0       	ldi	r25, 0x00	; 0
     504:	62 de       	rcall	.-828    	; 0x1ca <_Z5cekejm>
			ledky(0);
     506:	60 e0       	ldi	r22, 0x00	; 0
     508:	70 e0       	ldi	r23, 0x00	; 0
     50a:	cb 01       	movw	r24, r22
     50c:	c7 dd       	rcall	.-1138   	; 0x9c <_Z5ledkym>
			cekej(100);
     50e:	64 e6       	ldi	r22, 0x64	; 100
     510:	70 e0       	ldi	r23, 0x00	; 0
     512:	80 e0       	ldi	r24, 0x00	; 0
     514:	90 e0       	ldi	r25, 0x00	; 0
     516:	59 de       	rcall	.-846    	; 0x1ca <_Z5cekejm>
			if (modeSwBylo) return;
     518:	80 91 0f 3e 	lds	r24, 0x3E0F	; 0x803e0f <modeSwBylo>
     51c:	81 11       	cpse	r24, r1
     51e:	02 c0       	rjmp	.+4      	; 0x524 <_Z11postrehomerh+0xde>
			cekej(unit);
			if (tlacitko) break;
			bargraf(cnt);
			if (modeSwBylo) return;
		}
		for (uint8_t n=0; n<20; n++) {
     520:	df 5f       	subi	r29, 0xFF	; 255
     522:	e7 cf       	rjmp	.-50     	; 0x4f2 <_Z11postrehomerh+0xac>
			ledky(0);
			cekej(100);
			if (modeSwBylo) return;
		}
	}
}
     524:	df 91       	pop	r29
     526:	cf 91       	pop	r28
     528:	1f 91       	pop	r17
     52a:	08 95       	ret

0000052c <_Z7adcMeash>:

void adcMeas(uint8_t rozsah) { // mìøení napìtí na ADC ========================
     52c:	cf 92       	push	r12
     52e:	df 92       	push	r13
     530:	ef 92       	push	r14
     532:	ff 92       	push	r15
     534:	cf 93       	push	r28
     536:	c8 2f       	mov	r28, r24
	modeSwTimLim = 100;
     538:	84 e6       	ldi	r24, 0x64	; 100
     53a:	90 e0       	ldi	r25, 0x00	; 0
     53c:	80 93 06 3e 	sts	0x3E06, r24	; 0x803e06 <modeSwTimLim>
     540:	90 93 07 3e 	sts	0x3E07, r25	; 0x803e07 <modeSwTimLim+0x1>
	
	while (!modeSwBylo) {
     544:	80 91 0f 3e 	lds	r24, 0x3E0F	; 0x803e0f <modeSwBylo>
     548:	81 11       	cpse	r24, r1
     54a:	80 c0       	rjmp	.+256    	; 0x64c <_Z7adcMeash+0x120>
		ledky(0);			// zhasnout aby mìøení nebylo rušeno
     54c:	60 e0       	ldi	r22, 0x00	; 0
     54e:	70 e0       	ldi	r23, 0x00	; 0
     550:	cb 01       	movw	r24, r22
     552:	a4 dd       	rcall	.-1208   	; 0x9c <_Z5ledkym>
		cekej(0);
     554:	60 e0       	ldi	r22, 0x00	; 0
     556:	70 e0       	ldi	r23, 0x00	; 0
     558:	cb 01       	movw	r24, r22
     55a:	37 de       	rcall	.-914    	; 0x1ca <_Z5cekejm>
		//_delay_us(100);
		ADC0_COMMAND = ADC_STCONV_bm;					   // Start ADC
     55c:	81 e0       	ldi	r24, 0x01	; 1
     55e:	80 93 08 06 	sts	0x0608, r24	; 0x800608 <__RODATA_PM_OFFSET__+0x7f8608>
		while (!(ADC0_INTFLAGS & ADC_RESRDY_bm)) cekej(0); // èekat na výsledek
     562:	80 91 0b 06 	lds	r24, 0x060B	; 0x80060b <__RODATA_PM_OFFSET__+0x7f860b>
     566:	80 fd       	sbrc	r24, 0
     568:	05 c0       	rjmp	.+10     	; 0x574 <_Z7adcMeash+0x48>
     56a:	60 e0       	ldi	r22, 0x00	; 0
     56c:	70 e0       	ldi	r23, 0x00	; 0
     56e:	cb 01       	movw	r24, r22
     570:	2c de       	rcall	.-936    	; 0x1ca <_Z5cekejm>
     572:	f7 cf       	rjmp	.-18     	; 0x562 <_Z7adcMeash+0x36>
		/*if (rozsah==0) { // raw bin
			ledky(ADC0.RES);
			cekej(20);
			continue;
		}*/
		float volt = static_cast<float>(ADC0.RES) / 1023.0 / 64.0; // 0-1
     574:	60 91 10 06 	lds	r22, 0x0610	; 0x800610 <__RODATA_PM_OFFSET__+0x7f8610>
     578:	70 91 11 06 	lds	r23, 0x0611	; 0x800611 <__RODATA_PM_OFFSET__+0x7f8611>
     57c:	80 e0       	ldi	r24, 0x00	; 0
     57e:	90 e0       	ldi	r25, 0x00	; 0
     580:	31 d3       	rcall	.+1634   	; 0xbe4 <__floatunsisf>
     582:	20 e0       	ldi	r18, 0x00	; 0
     584:	30 ec       	ldi	r19, 0xC0	; 192
     586:	4f e7       	ldi	r20, 0x7F	; 127
     588:	54 e4       	ldi	r21, 0x44	; 68
     58a:	8b d2       	rcall	.+1302   	; 0xaa2 <__divsf3>
     58c:	20 e0       	ldi	r18, 0x00	; 0
     58e:	30 e0       	ldi	r19, 0x00	; 0
     590:	40 e8       	ldi	r20, 0x80	; 128
     592:	5c e3       	ldi	r21, 0x3C	; 60
     594:	d9 d3       	rcall	.+1970   	; 0xd48 <__mulsf3>
     596:	9b 01       	movw	r18, r22
     598:	ac 01       	movw	r20, r24
		volt = 2.5/volt; // volt = 2,5/x ... x = 2,5/volt
     59a:	60 e0       	ldi	r22, 0x00	; 0
     59c:	70 e0       	ldi	r23, 0x00	; 0
     59e:	80 e2       	ldi	r24, 0x20	; 32
     5a0:	90 e4       	ldi	r25, 0x40	; 64
     5a2:	7f d2       	rcall	.+1278   	; 0xaa2 <__divsf3>
     5a4:	6b 01       	movw	r12, r22
     5a6:	7c 01       	movw	r14, r24
		switch (rozsah) {
     5a8:	c3 32       	cpi	r28, 0x23	; 35
     5aa:	89 f0       	breq	.+34     	; 0x5ce <_Z7adcMeash+0xa2>
     5ac:	ce 32       	cpi	r28, 0x2E	; 46
     5ae:	e1 f0       	breq	.+56     	; 0x5e8 <_Z7adcMeash+0xbc>
     5b0:	c1 11       	cpse	r28, r1
     5b2:	26 c0       	rjmp	.+76     	; 0x600 <_Z7adcMeash+0xd4>
			case 0:	// bin mV
				volt *= 1000.0;
     5b4:	20 e0       	ldi	r18, 0x00	; 0
     5b6:	30 e0       	ldi	r19, 0x00	; 0
     5b8:	4a e7       	ldi	r20, 0x7A	; 122
     5ba:	54 e4       	ldi	r21, 0x44	; 68
     5bc:	c5 d3       	rcall	.+1930   	; 0xd48 <__mulsf3>
				ledky(static_cast<uint32_t>(volt));
     5be:	e3 d2       	rcall	.+1478   	; 0xb86 <__fixunssfsi>
     5c0:	6d dd       	rcall	.-1318   	; 0x9c <_Z5ledkym>
				cekej(20);
     5c2:	64 e1       	ldi	r22, 0x14	; 20
     5c4:	70 e0       	ldi	r23, 0x00	; 0
     5c6:	80 e0       	ldi	r24, 0x00	; 0
     5c8:	90 e0       	ldi	r25, 0x00	; 0
     5ca:	ff dd       	rcall	.-1026   	; 0x1ca <_Z5cekejm>
				continue;		// continue vyskoèí až na zaèátek while
     5cc:	bb cf       	rjmp	.-138    	; 0x544 <_Z7adcMeash+0x18>
			case 35: // 3-5 V
				volt -= 3.0;
     5ce:	20 e0       	ldi	r18, 0x00	; 0
     5d0:	30 e0       	ldi	r19, 0x00	; 0
     5d2:	40 e4       	ldi	r20, 0x40	; 64
     5d4:	50 e4       	ldi	r21, 0x40	; 64
     5d6:	f3 d1       	rcall	.+998    	; 0x9be <__subsf3>
				volt /= 2.0;
     5d8:	20 e0       	ldi	r18, 0x00	; 0
     5da:	30 e0       	ldi	r19, 0x00	; 0
     5dc:	40 e0       	ldi	r20, 0x00	; 0
     5de:	5f e3       	ldi	r21, 0x3F	; 63
     5e0:	b3 d3       	rcall	.+1894   	; 0xd48 <__mulsf3>
     5e2:	6b 01       	movw	r12, r22
     5e4:	7c 01       	movw	r14, r24
			break;
     5e6:	0c c0       	rjmp	.+24     	; 0x600 <_Z7adcMeash+0xd4>
			case 46: // 4-6 V
				volt -= 4.0;
     5e8:	20 e0       	ldi	r18, 0x00	; 0
     5ea:	30 e0       	ldi	r19, 0x00	; 0
     5ec:	40 e8       	ldi	r20, 0x80	; 128
     5ee:	50 e4       	ldi	r21, 0x40	; 64
     5f0:	e6 d1       	rcall	.+972    	; 0x9be <__subsf3>
				volt /= 2.0;
     5f2:	20 e0       	ldi	r18, 0x00	; 0
     5f4:	30 e0       	ldi	r19, 0x00	; 0
     5f6:	40 e0       	ldi	r20, 0x00	; 0
     5f8:	5f e3       	ldi	r21, 0x3F	; 63
     5fa:	a6 d3       	rcall	.+1868   	; 0xd48 <__mulsf3>
     5fc:	6b 01       	movw	r12, r22
     5fe:	7c 01       	movw	r14, r24
			break;
		}
		if (volt < 0.05) {
     600:	2d ec       	ldi	r18, 0xCD	; 205
     602:	3c ec       	ldi	r19, 0xCC	; 204
     604:	4c e4       	ldi	r20, 0x4C	; 76
     606:	5d e3       	ldi	r21, 0x3D	; 61
     608:	c7 01       	movw	r24, r14
     60a:	b6 01       	movw	r22, r12
     60c:	45 d2       	rcall	.+1162   	; 0xa98 <__cmpsf2>
     60e:	88 23       	and	r24, r24
     610:	a4 f4       	brge	.+40     	; 0x63a <_Z7adcMeash+0x10e>
			volt = 0.0;
			ledky(1); cekej(100);
     612:	61 e0       	ldi	r22, 0x01	; 1
     614:	70 e0       	ldi	r23, 0x00	; 0
     616:	80 e0       	ldi	r24, 0x00	; 0
     618:	90 e0       	ldi	r25, 0x00	; 0
     61a:	40 dd       	rcall	.-1408   	; 0x9c <_Z5ledkym>
     61c:	64 e6       	ldi	r22, 0x64	; 100
     61e:	70 e0       	ldi	r23, 0x00	; 0
     620:	80 e0       	ldi	r24, 0x00	; 0
     622:	90 e0       	ldi	r25, 0x00	; 0
     624:	d2 dd       	rcall	.-1116   	; 0x1ca <_Z5cekejm>
			ledky(0); cekej(100);
     626:	60 e0       	ldi	r22, 0x00	; 0
     628:	70 e0       	ldi	r23, 0x00	; 0
     62a:	cb 01       	movw	r24, r22
     62c:	37 dd       	rcall	.-1426   	; 0x9c <_Z5ledkym>
     62e:	64 e6       	ldi	r22, 0x64	; 100
     630:	70 e0       	ldi	r23, 0x00	; 0
     632:	80 e0       	ldi	r24, 0x00	; 0
     634:	90 e0       	ldi	r25, 0x00	; 0
     636:	c9 dd       	rcall	.-1134   	; 0x1ca <_Z5cekejm>
     638:	85 cf       	rjmp	.-246    	; 0x544 <_Z7adcMeash+0x18>
		} else {
			bargraf(volt); // 0-1 -> 0-20 LED
     63a:	c7 01       	movw	r24, r14
     63c:	b6 01       	movw	r22, r12
     63e:	bc dd       	rcall	.-1160   	; 0x1b8 <_Z7bargraff>
			cekej(100);
     640:	64 e6       	ldi	r22, 0x64	; 100
     642:	70 e0       	ldi	r23, 0x00	; 0
     644:	80 e0       	ldi	r24, 0x00	; 0
     646:	90 e0       	ldi	r25, 0x00	; 0
     648:	c0 dd       	rcall	.-1152   	; 0x1ca <_Z5cekejm>
     64a:	7c cf       	rjmp	.-264    	; 0x544 <_Z7adcMeash+0x18>
		}
	}
}
     64c:	cf 91       	pop	r28
     64e:	ff 90       	pop	r15
     650:	ef 90       	pop	r14
     652:	df 90       	pop	r13
     654:	cf 90       	pop	r12
     656:	08 95       	ret

00000658 <__vector_8>:
		mode++;
		eeprom_update_byte((uint8_t*)&eMode, static_cast<uint8_t>(mode));
    }
}

ISR (TCA0_OVF_vect) { // ======================================================
     658:	1f 92       	push	r1
     65a:	0f 92       	push	r0
     65c:	0f b6       	in	r0, 0x3f	; 63
     65e:	0f 92       	push	r0
     660:	11 24       	eor	r1, r1
     662:	2f 93       	push	r18
     664:	3f 93       	push	r19
     666:	8f 93       	push	r24
     668:	9f 93       	push	r25
     66a:	af 93       	push	r26
     66c:	bf 93       	push	r27
     66e:	ef 93       	push	r30
     670:	ff 93       	push	r31
	static uint8_t mxCnt=0; // 0-19, perioda 2 ms
	
	if (ms10isrCnt<250) ms10isrCnt++;
     672:	80 91 13 3e 	lds	r24, 0x3E13	; 0x803e13 <ms10isrCnt>
     676:	8a 3f       	cpi	r24, 0xFA	; 250
     678:	28 f4       	brcc	.+10     	; 0x684 <__vector_8+0x2c>
     67a:	80 91 13 3e 	lds	r24, 0x3E13	; 0x803e13 <ms10isrCnt>
     67e:	8f 5f       	subi	r24, 0xFF	; 255
     680:	80 93 13 3e 	sts	0x3E13, r24	; 0x803e13 <ms10isrCnt>
	if (++mxCnt>19)	 mxCnt=0;
     684:	80 91 08 3e 	lds	r24, 0x3E08	; 0x803e08 <__data_end>
     688:	8f 5f       	subi	r24, 0xFF	; 255
     68a:	80 93 08 3e 	sts	0x3E08, r24	; 0x803e08 <__data_end>
     68e:	84 31       	cpi	r24, 0x14	; 20
     690:	10 f0       	brcs	.+4      	; 0x696 <__vector_8+0x3e>
     692:	10 92 08 3e 	sts	0x3E08, r1	; 0x803e08 <__data_end>
	
	if (mxCnt<10) {
     696:	80 91 08 3e 	lds	r24, 0x3E08	; 0x803e08 <__data_end>
     69a:	8a 30       	cpi	r24, 0x0A	; 10
     69c:	18 f5       	brcc	.+70     	; 0x6e4 <__vector_8+0x8c>
		if (mxCnt==0) {				// pos start
     69e:	81 11       	cpse	r24, r1
     6a0:	19 c0       	rjmp	.+50     	; 0x6d4 <__vector_8+0x7c>
			COM_port.DIRCLR = COM_bm;
     6a2:	e0 e0       	ldi	r30, 0x00	; 0
     6a4:	f4 e0       	ldi	r31, 0x04	; 4
     6a6:	82 e0       	ldi	r24, 0x02	; 2
     6a8:	82 83       	std	Z+2, r24	; 0x02
			PORTA.DIRCLR = 255;
     6aa:	9f ef       	ldi	r25, 0xFF	; 255
     6ac:	92 83       	std	Z+2, r25	; 0x02
			PORTB.DIRCLR = 255;
     6ae:	a0 e2       	ldi	r26, 0x20	; 32
     6b0:	b4 e0       	ldi	r27, 0x04	; 4
     6b2:	12 96       	adiw	r26, 0x02	; 2
     6b4:	9c 93       	st	X, r25
     6b6:	12 97       	sbiw	r26, 0x02	; 2
			PORTA.OUT = ledkyApos;
     6b8:	20 91 0e 3e 	lds	r18, 0x3E0E	; 0x803e0e <ledkyApos>
     6bc:	24 83       	std	Z+4, r18	; 0x04
			PORTB.OUT = ledkyBpos;
     6be:	90 91 0c 3e 	lds	r25, 0x3E0C	; 0x803e0c <ledkyBpos>
     6c2:	14 96       	adiw	r26, 0x04	; 4
     6c4:	9c 93       	st	X, r25
     6c6:	14 97       	sbiw	r26, 0x04	; 4
			COM_port.OUTCLR = COM_bm;
     6c8:	86 83       	std	Z+6, r24	; 0x06
			PORTA.DIRSET = ledkyApos;
     6ca:	21 83       	std	Z+1, r18	; 0x01
			PORTB.DIRSET = ledkyBpos;
     6cc:	11 96       	adiw	r26, 0x01	; 1
     6ce:	9c 93       	st	X, r25
			COM_port.DIRSET = COM_bm;
     6d0:	81 83       	std	Z+1, r24	; 0x01
     6d2:	33 c0       	rjmp	.+102    	; 0x73a <__vector_8+0xe2>
		} else if (mxCnt==jasKorPos) {
     6d4:	90 91 05 3e 	lds	r25, 0x3E05	; 0x803e05 <jasKorPos>
     6d8:	89 13       	cpse	r24, r25
     6da:	2f c0       	rjmp	.+94     	; 0x73a <__vector_8+0xe2>
			COM_port.DIRCLR = COM_bm;
     6dc:	82 e0       	ldi	r24, 0x02	; 2
     6de:	80 93 02 04 	sts	0x0402, r24	; 0x800402 <__RODATA_PM_OFFSET__+0x7f8402>
     6e2:	2b c0       	rjmp	.+86     	; 0x73a <__vector_8+0xe2>
		}
	} else {
		if (mxCnt==10) {			// neg start
     6e4:	8a 30       	cpi	r24, 0x0A	; 10
     6e6:	e9 f4       	brne	.+58     	; 0x722 <__vector_8+0xca>
			COM_port.DIRCLR = COM_bm;
     6e8:	e0 e0       	ldi	r30, 0x00	; 0
     6ea:	f4 e0       	ldi	r31, 0x04	; 4
     6ec:	82 e0       	ldi	r24, 0x02	; 2
     6ee:	82 83       	std	Z+2, r24	; 0x02
			PORTA.DIRCLR = 255;
     6f0:	9f ef       	ldi	r25, 0xFF	; 255
     6f2:	92 83       	std	Z+2, r25	; 0x02
			PORTB.DIRCLR = 255;
     6f4:	a0 e2       	ldi	r26, 0x20	; 32
     6f6:	b4 e0       	ldi	r27, 0x04	; 4
     6f8:	12 96       	adiw	r26, 0x02	; 2
     6fa:	9c 93       	st	X, r25
     6fc:	12 97       	sbiw	r26, 0x02	; 2
			PORTA.OUT = ~ledkyAneg;
     6fe:	20 91 0d 3e 	lds	r18, 0x3E0D	; 0x803e0d <ledkyAneg>
     702:	92 2f       	mov	r25, r18
     704:	90 95       	com	r25
     706:	94 83       	std	Z+4, r25	; 0x04
			PORTB.OUT = ~ledkyBneg;
     708:	90 91 0b 3e 	lds	r25, 0x3E0B	; 0x803e0b <ledkyBneg>
     70c:	39 2f       	mov	r19, r25
     70e:	30 95       	com	r19
     710:	14 96       	adiw	r26, 0x04	; 4
     712:	3c 93       	st	X, r19
     714:	14 97       	sbiw	r26, 0x04	; 4
			COM_port.OUTSET = COM_bm;
     716:	85 83       	std	Z+5, r24	; 0x05
			PORTA.DIRSET = ledkyAneg;
     718:	21 83       	std	Z+1, r18	; 0x01
			PORTB.DIRSET = ledkyBneg;
     71a:	11 96       	adiw	r26, 0x01	; 1
     71c:	9c 93       	st	X, r25
			COM_port.DIRSET = COM_bm;
     71e:	81 83       	std	Z+1, r24	; 0x01
     720:	0c c0       	rjmp	.+24     	; 0x73a <__vector_8+0xe2>
		} else if (mxCnt==jasKorNeg+10) {
     722:	90 e0       	ldi	r25, 0x00	; 0
     724:	20 91 04 3e 	lds	r18, 0x3E04	; 0x803e04 <jasKorNeg>
     728:	30 e0       	ldi	r19, 0x00	; 0
     72a:	26 5f       	subi	r18, 0xF6	; 246
     72c:	3f 4f       	sbci	r19, 0xFF	; 255
     72e:	82 17       	cp	r24, r18
     730:	93 07       	cpc	r25, r19
     732:	19 f4       	brne	.+6      	; 0x73a <__vector_8+0xe2>
			COM_port.DIRCLR = COM_bm;
     734:	82 e0       	ldi	r24, 0x02	; 2
     736:	80 93 02 04 	sts	0x0402, r24	; 0x800402 <__RODATA_PM_OFFSET__+0x7f8402>
		}		
	}
	TCA0.SINGLE.INTFLAGS = TCA_SINGLE_OVF_bm;
     73a:	81 e0       	ldi	r24, 0x01	; 1
     73c:	80 93 0b 0a 	sts	0x0A0B, r24	; 0x800a0b <__RODATA_PM_OFFSET__+0x7f8a0b>
}
     740:	ff 91       	pop	r31
     742:	ef 91       	pop	r30
     744:	bf 91       	pop	r27
     746:	af 91       	pop	r26
     748:	9f 91       	pop	r25
     74a:	8f 91       	pop	r24
     74c:	3f 91       	pop	r19
     74e:	2f 91       	pop	r18
     750:	0f 90       	pop	r0
     752:	0f be       	out	0x3f, r0	; 63
     754:	0f 90       	pop	r0
     756:	1f 90       	pop	r1
     758:	18 95       	reti

0000075a <_ZppI6ecModeERT_S2_i>:
	rotZtl, citacBin, rnd, postreh10, postreh100,
	adc35, adc46, adcBin,
	enum_end
}; // mode = ecMode::rot1r;
template <typename E> E& operator++(E& e, int) {
	uint8_t val = static_cast<uint8_t>(e);
     75a:	fc 01       	movw	r30, r24
     75c:	20 81       	ld	r18, Z
	if (val < static_cast<uint8_t>(E::enum_end)) {
     75e:	2c 30       	cpi	r18, 0x0C	; 12
     760:	18 f4       	brcc	.+6      	; 0x768 <_ZppI6ecModeERT_S2_i+0xe>
		e = static_cast<E>(val + 1);
     762:	2f 5f       	subi	r18, 0xFF	; 255
     764:	20 83       	st	Z, r18
     766:	08 95       	ret
	} else {
		e = static_cast<E>(0);
     768:	fc 01       	movw	r30, r24
     76a:	10 82       	st	Z, r1
	}
	return e;
}
     76c:	08 95       	ret

0000076e <main>:
			cekej(100);
		}
	}
}

int main(void) { // ###########################################################
     76e:	cf 93       	push	r28
     770:	df 93       	push	r29
     772:	1f 92       	push	r1
     774:	cd b7       	in	r28, 0x3d	; 61
     776:	de b7       	in	r29, 0x3e	; 62
	_PROTECTED_WRITE(CLKCTRL.MCLKCTRLB, CLKCTRL_PEN_bm); // f CPU /2, bude 10 MHz
     778:	11 e0       	ldi	r17, 0x01	; 1
     77a:	88 ed       	ldi	r24, 0xD8	; 216
     77c:	84 bf       	out	0x34, r24	; 52
     77e:	10 93 61 00 	sts	0x0061, r17	; 0x800061 <__RODATA_PM_OFFSET__+0x7f8061>
	// ---------------------------------------------------------------------------------------------
	PORTA.DIR = 0;
     782:	e0 e0       	ldi	r30, 0x00	; 0
     784:	f4 e0       	ldi	r31, 0x04	; 4
     786:	10 82       	st	Z, r1
	PORTA.OUT = 0;
     788:	14 82       	std	Z+4, r1	; 0x04
	PORTA_PIN0CTRL = PORT_PULLUPEN_bm;			// TL
     78a:	88 e0       	ldi	r24, 0x08	; 8
     78c:	80 93 10 04 	sts	0x0410, r24	; 0x800410 <__RODATA_PM_OFFSET__+0x7f8410>
	PORTA_PIN1CTRL = PORT_ISC_INTDISABLE_gc;	// com
     790:	10 92 11 04 	sts	0x0411, r1	; 0x800411 <__RODATA_PM_OFFSET__+0x7f8411>
	PORTA_PIN2CTRL = PORT_ISC_INTDISABLE_gc;
     794:	10 92 12 04 	sts	0x0412, r1	; 0x800412 <__RODATA_PM_OFFSET__+0x7f8412>
	PORTA_PIN3CTRL = PORT_ISC_INTDISABLE_gc;
     798:	10 92 13 04 	sts	0x0413, r1	; 0x800413 <__RODATA_PM_OFFSET__+0x7f8413>
	PORTA_PIN4CTRL = PORT_ISC_INTDISABLE_gc;
     79c:	10 92 14 04 	sts	0x0414, r1	; 0x800414 <__RODATA_PM_OFFSET__+0x7f8414>
	PORTA_PIN5CTRL = PORT_ISC_INTDISABLE_gc;
     7a0:	10 92 15 04 	sts	0x0415, r1	; 0x800415 <__RODATA_PM_OFFSET__+0x7f8415>
	PORTA_PIN6CTRL = PORT_ISC_INTDISABLE_gc;
     7a4:	10 92 16 04 	sts	0x0416, r1	; 0x800416 <__RODATA_PM_OFFSET__+0x7f8416>
	PORTA_PIN7CTRL = PORT_ISC_INTDISABLE_gc;
     7a8:	10 92 17 04 	sts	0x0417, r1	; 0x800417 <__RODATA_PM_OFFSET__+0x7f8417>
	PORTB.DIR = 0;
     7ac:	e0 e2       	ldi	r30, 0x20	; 32
     7ae:	f4 e0       	ldi	r31, 0x04	; 4
     7b0:	10 82       	st	Z, r1
	PORTB.OUT = 0;
     7b2:	14 82       	std	Z+4, r1	; 0x04
	PORTB_PIN0CTRL = PORT_ISC_INTDISABLE_gc;
     7b4:	10 92 30 04 	sts	0x0430, r1	; 0x800430 <__RODATA_PM_OFFSET__+0x7f8430>
	PORTB_PIN1CTRL = PORT_ISC_INTDISABLE_gc;
     7b8:	10 92 31 04 	sts	0x0431, r1	; 0x800431 <__RODATA_PM_OFFSET__+0x7f8431>
	PORTB_PIN2CTRL = PORT_ISC_INTDISABLE_gc;
     7bc:	10 92 32 04 	sts	0x0432, r1	; 0x800432 <__RODATA_PM_OFFSET__+0x7f8432>
	PORTB_PIN3CTRL = PORT_ISC_INTDISABLE_gc;
     7c0:	10 92 33 04 	sts	0x0433, r1	; 0x800433 <__RODATA_PM_OFFSET__+0x7f8433>
	// ------------------------------------------------------------------------
	TCA0.SINGLE.CTRLA = TCA_SINGLE_CLKSEL_DIV1_gc;
     7c4:	0f 2e       	mov	r0, r31
     7c6:	e1 2c       	mov	r14, r1
     7c8:	fa e0       	ldi	r31, 0x0A	; 10
     7ca:	ff 2e       	mov	r15, r31
     7cc:	f0 2d       	mov	r31, r0
     7ce:	f7 01       	movw	r30, r14
     7d0:	10 82       	st	Z, r1
	TCA0.SINGLE.CTRLB = TCA_SINGLE_WGMODE_NORMAL_gc;
     7d2:	11 82       	std	Z+1, r1	; 0x01
	TCA0.SINGLE.INTCTRL = TCA_SINGLE_OVF_bm;
     7d4:	12 87       	std	Z+10, r17	; 0x0a
	TCA0.SINGLE.PER = F_CPUkor / 10000UL;				// 10 kHz
     7d6:	a0 91 25 11 	lds	r26, 0x1125	; 0x801125 <__RODATA_PM_OFFSET__+0x7f9125>
     7da:	0a 2e       	mov	r0, r26
     7dc:	00 0c       	add	r0, r0
     7de:	bb 0b       	sbc	r27, r27
     7e0:	20 e8       	ldi	r18, 0x80	; 128
     7e2:	36 e9       	ldi	r19, 0x96	; 150
     7e4:	48 e9       	ldi	r20, 0x98	; 152
     7e6:	50 e0       	ldi	r21, 0x00	; 0
     7e8:	51 d3       	rcall	.+1698   	; 0xe8c <__mulshisi3>
     7ea:	dc 01       	movw	r26, r24
     7ec:	cb 01       	movw	r24, r22
     7ee:	07 2e       	mov	r0, r23
     7f0:	7a e0       	ldi	r23, 0x0A	; 10
     7f2:	b6 95       	lsr	r27
     7f4:	a7 95       	ror	r26
     7f6:	97 95       	ror	r25
     7f8:	87 95       	ror	r24
     7fa:	7a 95       	dec	r23
     7fc:	d1 f7       	brne	.-12     	; 0x7f2 <main+0x84>
     7fe:	70 2d       	mov	r23, r0
     800:	bc 01       	movw	r22, r24
     802:	cd 01       	movw	r24, r26
     804:	60 58       	subi	r22, 0x80	; 128
     806:	79 46       	sbci	r23, 0x69	; 105
     808:	87 46       	sbci	r24, 0x67	; 103
     80a:	9f 4f       	sbci	r25, 0xFF	; 255
     80c:	20 e1       	ldi	r18, 0x10	; 16
     80e:	37 e2       	ldi	r19, 0x27	; 39
     810:	40 e0       	ldi	r20, 0x00	; 0
     812:	50 e0       	ldi	r21, 0x00	; 0
     814:	19 d3       	rcall	.+1586   	; 0xe48 <__udivmodsi4>
     816:	f7 01       	movw	r30, r14
     818:	26 a3       	std	Z+38, r18	; 0x26
     81a:	37 a3       	std	Z+39, r19	; 0x27
	TCA0.SINGLE.INTFLAGS = TCA_SINGLE_OVF_bm;
     81c:	13 87       	std	Z+11, r17	; 0x0b
	TCA0.SINGLE.CTRLA |= TCA_SINGLE_ENABLE_bm;
     81e:	80 81       	ld	r24, Z
     820:	81 60       	ori	r24, 0x01	; 1
     822:	80 83       	st	Z, r24
	// ------------------------------------------------------------------------
	VREF_CTRLA = VREF_ADC0REFSEL_2V5_gc;				// 2,5 V
     824:	80 e2       	ldi	r24, 0x20	; 32
     826:	80 93 a0 00 	sts	0x00A0, r24	; 0x8000a0 <__RODATA_PM_OFFSET__+0x7f80a0>
	VREF_CTRLB = VREF_ADC0REFEN_bm;						// always on
     82a:	82 e0       	ldi	r24, 0x02	; 2
     82c:	80 93 a1 00 	sts	0x00A1, r24	; 0x8000a1 <__RODATA_PM_OFFSET__+0x7f80a1>
	// ------------------------------------------------------------------------
	ADC0_CTRLA = ADC_RUNSTBY_bm + ADC_ENABLE_bm;		// Bìží i pøi sleepu + zapnout ADC
     830:	81 e8       	ldi	r24, 0x81	; 129
     832:	80 93 00 06 	sts	0x0600, r24	; 0x800600 <__RODATA_PM_OFFSET__+0x7f8600>
	ADC0_CTRLB = ADC_SAMPNUM_ACC64_gc;					// Zapnout akumulaci 64 vzorkù
     836:	86 e0       	ldi	r24, 0x06	; 6
     838:	80 93 01 06 	sts	0x0601, r24	; 0x800601 <__RODATA_PM_OFFSET__+0x7f8601>
	ADC0_CTRLC = ADC_REFSEL_VDDREF_gc + ADC_PRESC_DIV8_gc + ADC_SAMPCAP_bm; // VDD ref, clk/8=1,25 MHz ~ 100 kS/s, samp. C snížena
     83c:	82 e5       	ldi	r24, 0x52	; 82
     83e:	80 93 02 06 	sts	0x0602, r24	; 0x800602 <__RODATA_PM_OFFSET__+0x7f8602>
	ADC0_CTRLD = 0; //ADC_INITDLY_DLY16_gc + (2<<ADC_SAMPDLY_gp); // bez delay
     842:	10 92 03 06 	sts	0x0603, r1	; 0x800603 <__RODATA_PM_OFFSET__+0x7f8603>
	ADC0_CTRLE=0;										// Nepoužít okénkový komparátor
     846:	10 92 04 06 	sts	0x0604, r1	; 0x800604 <__RODATA_PM_OFFSET__+0x7f8604>
	ADC0_SAMPCTRL=0;									// Výchozí délka vzorku = 2+reg
     84a:	10 92 05 06 	sts	0x0605, r1	; 0x800605 <__RODATA_PM_OFFSET__+0x7f8605>
	ADC0_MUXPOS=ADC_MUXPOS_INTREF_gc;					// pøepnout vstup na ref.
     84e:	8d e1       	ldi	r24, 0x1D	; 29
     850:	80 93 06 06 	sts	0x0606, r24	; 0x800606 <__RODATA_PM_OFFSET__+0x7f8606>
	//ADC0_COMMAND=ADC_STCONV_bm;							// Start Conversion
	ADC0_EVCTRL=0;										// nepoužívat eventy
     854:	10 92 09 06 	sts	0x0609, r1	; 0x800609 <__RODATA_PM_OFFSET__+0x7f8609>
	ADC0_INTCTRL = 0;									// nepoužívat pøerušení
     858:	10 92 0a 06 	sts	0x060A, r1	; 0x80060a <__RODATA_PM_OFFSET__+0x7f860a>
	ADC0_INTFLAGS = ADC_RESRDY_bm;						// clear IF
     85c:	10 93 0b 06 	sts	0x060B, r17	; 0x80060b <__RODATA_PM_OFFSET__+0x7f860b>
	ADC0_DBGCTRL=0;										// not work in break
     860:	10 92 0c 06 	sts	0x060C, r1	; 0x80060c <__RODATA_PM_OFFSET__+0x7f860c>
	ADC0_CALIB = ADC_DUTYCYC_DUTY25_gc;					// 25% Duty Cycle (high 25% and low 75%) must be used for ADCclk < 1.5 MHz
     864:	10 93 16 06 	sts	0x0616, r17	; 0x800616 <__RODATA_PM_OFFSET__+0x7f8616>
	// ---------------------------------------------------------------------------------------------
	__asm("sei"); // povolit pøerušení
     868:	78 94       	sei
	
	ledky((1UL<<20)-1);
     86a:	6f ef       	ldi	r22, 0xFF	; 255
     86c:	7f ef       	ldi	r23, 0xFF	; 255
     86e:	8f e0       	ldi	r24, 0x0F	; 15
     870:	90 e0       	ldi	r25, 0x00	; 0
     872:	14 dc       	rcall	.-2008   	; 0x9c <_Z5ledkym>
	cekej(1000);
     874:	68 ee       	ldi	r22, 0xE8	; 232
     876:	73 e0       	ldi	r23, 0x03	; 3
     878:	80 e0       	ldi	r24, 0x00	; 0
     87a:	90 e0       	ldi	r25, 0x00	; 0
     87c:	a6 dc       	rcall	.-1716   	; 0x1ca <_Z5cekejm>
	
	if (eeprom_read_byte((uint8_t*)&eMode) >= static_cast<uint8_t>(ecMode::enum_end)) {
     87e:	80 e0       	ldi	r24, 0x00	; 0
     880:	90 e0       	ldi	r25, 0x00	; 0
     882:	8b d3       	rcall	.+1814   	; 0xf9a <eeprom_read_byte>
     884:	8c 30       	cpi	r24, 0x0C	; 12
     886:	08 f0       	brcs	.+2      	; 0x88a <main+0x11c>
		eepromReset();
     888:	fd db       	rcall	.-2054   	; 0x84 <_Z11eepromResetv>
	}
	ecMode mode = static_cast<ecMode>(eeprom_read_byte((uint8_t*)&eMode));
     88a:	80 e0       	ldi	r24, 0x00	; 0
     88c:	90 e0       	ldi	r25, 0x00	; 0
     88e:	85 d3       	rcall	.+1802   	; 0xf9a <eeprom_read_byte>
     890:	89 83       	std	Y+1, r24	; 0x01
	
    while (1) {
		switch(mode) {
     892:	e9 81       	ldd	r30, Y+1	; 0x01
     894:	8e 2f       	mov	r24, r30
     896:	90 e0       	ldi	r25, 0x00	; 0
     898:	8c 30       	cpi	r24, 0x0C	; 12
     89a:	91 05       	cpc	r25, r1
     89c:	08 f0       	brcs	.+2      	; 0x8a0 <main+0x132>
     89e:	5b c0       	rjmp	.+182    	; 0x956 <main+0x1e8>
     8a0:	fc 01       	movw	r30, r24
     8a2:	e6 5e       	subi	r30, 0xE6	; 230
     8a4:	ff 4f       	sbci	r31, 0xFF	; 255
     8a6:	09 94       	ijmp
			case ecMode::rot1r:
				bezSvetlo(1, 1, 1, 50);
     8a8:	22 e3       	ldi	r18, 0x32	; 50
     8aa:	41 e0       	ldi	r20, 0x01	; 1
     8ac:	61 e0       	ldi	r22, 0x01	; 1
     8ae:	81 e0       	ldi	r24, 0x01	; 1
     8b0:	f0 dc       	rcall	.-1568   	; 0x292 <_Z9bezSvetlohhhh>
			break;
     8b2:	51 c0       	rjmp	.+162    	; 0x956 <main+0x1e8>
			case ecMode::rot1l:
				bezSvetlo(0, 1, 1, 50);
     8b4:	22 e3       	ldi	r18, 0x32	; 50
     8b6:	41 e0       	ldi	r20, 0x01	; 1
     8b8:	61 e0       	ldi	r22, 0x01	; 1
     8ba:	80 e0       	ldi	r24, 0x00	; 0
     8bc:	ea dc       	rcall	.-1580   	; 0x292 <_Z9bezSvetlohhhh>
			break;
     8be:	4b c0       	rjmp	.+150    	; 0x956 <main+0x1e8>
			case ecMode::rot5r:
				bezSvetlo(1, 2, 5, 50);
     8c0:	22 e3       	ldi	r18, 0x32	; 50
     8c2:	45 e0       	ldi	r20, 0x05	; 5
     8c4:	62 e0       	ldi	r22, 0x02	; 2
     8c6:	81 e0       	ldi	r24, 0x01	; 1
     8c8:	e4 dc       	rcall	.-1592   	; 0x292 <_Z9bezSvetlohhhh>
			break;
     8ca:	45 c0       	rjmp	.+138    	; 0x956 <main+0x1e8>
			case ecMode::rot5l:
				bezSvetlo(0, 2, 5, 50);
     8cc:	22 e3       	ldi	r18, 0x32	; 50
     8ce:	45 e0       	ldi	r20, 0x05	; 5
     8d0:	62 e0       	ldi	r22, 0x02	; 2
     8d2:	80 e0       	ldi	r24, 0x00	; 0
     8d4:	de dc       	rcall	.-1604   	; 0x292 <_Z9bezSvetlohhhh>
			break;
     8d6:	3f c0       	rjmp	.+126    	; 0x956 <main+0x1e8>
			case ecMode::rotZtl:
				rotZtlacitka();
     8d8:	66 dd       	rcall	.-1332   	; 0x3a6 <_Z12rotZtlacitkav>
			break;
     8da:	3d c0       	rjmp	.+122    	; 0x956 <main+0x1e8>
			case ecMode::citacBin:
				citacBin();
     8dc:	8a dd       	rcall	.-1260   	; 0x3f2 <_Z8citacBinv>
			break;
     8de:	3b c0       	rjmp	.+118    	; 0x956 <main+0x1e8>
			case ecMode::postreh10:
				postrehomer(10);
     8e0:	8a e0       	ldi	r24, 0x0A	; 10
     8e2:	b1 dd       	rcall	.-1182   	; 0x446 <_Z11postrehomerh>
			break;
     8e4:	38 c0       	rjmp	.+112    	; 0x956 <main+0x1e8>
			case ecMode::postreh100:
				postrehomer(100);
     8e6:	84 e6       	ldi	r24, 0x64	; 100
     8e8:	ae dd       	rcall	.-1188   	; 0x446 <_Z11postrehomerh>
			break;
     8ea:	35 c0       	rjmp	.+106    	; 0x956 <main+0x1e8>
			case ecMode::rnd:
				modeSwTimLim = 100;
     8ec:	84 e6       	ldi	r24, 0x64	; 100
     8ee:	90 e0       	ldi	r25, 0x00	; 0
     8f0:	80 93 06 3e 	sts	0x3E06, r24	; 0x803e06 <modeSwTimLim>
     8f4:	90 93 07 3e 	sts	0x3E07, r25	; 0x803e07 <modeSwTimLim+0x1>
				srand(12345);
     8f8:	89 e3       	ldi	r24, 0x39	; 57
     8fa:	90 e3       	ldi	r25, 0x30	; 48
     8fc:	43 d3       	rcall	.+1670   	; 0xf84 <srand>
				while (!modeSwBylo) {
     8fe:	80 91 0f 3e 	lds	r24, 0x3E0F	; 0x803e0f <modeSwBylo>
     902:	81 11       	cpse	r24, r1
     904:	28 c0       	rjmp	.+80     	; 0x956 <main+0x1e8>
					uint32_t kruh = rand();
     906:	3a d3       	rcall	.+1652   	; 0xf7c <rand>
     908:	6c 01       	movw	r12, r24
     90a:	99 0f       	add	r25, r25
     90c:	ee 08       	sbc	r14, r14
     90e:	ff 08       	sbc	r15, r15
					kruh |= (uint32_t)rand() << 15;
     910:	35 d3       	rcall	.+1642   	; 0xf7c <rand>
     912:	09 2e       	mov	r0, r25
     914:	00 0c       	add	r0, r0
     916:	aa 0b       	sbc	r26, r26
     918:	bb 0b       	sbc	r27, r27
     91a:	07 2e       	mov	r0, r23
     91c:	7f e0       	ldi	r23, 0x0F	; 15
     91e:	88 0f       	add	r24, r24
     920:	99 1f       	adc	r25, r25
     922:	aa 1f       	adc	r26, r26
     924:	bb 1f       	adc	r27, r27
     926:	7a 95       	dec	r23
     928:	d1 f7       	brne	.-12     	; 0x91e <main+0x1b0>
     92a:	70 2d       	mov	r23, r0
     92c:	bc 01       	movw	r22, r24
     92e:	cd 01       	movw	r24, r26
     930:	6c 29       	or	r22, r12
     932:	7d 29       	or	r23, r13
     934:	8e 29       	or	r24, r14
     936:	9f 29       	or	r25, r15
					ledky(kruh);
     938:	b1 db       	rcall	.-2206   	; 0x9c <_Z5ledkym>
					cekej(30);
     93a:	6e e1       	ldi	r22, 0x1E	; 30
     93c:	70 e0       	ldi	r23, 0x00	; 0
     93e:	80 e0       	ldi	r24, 0x00	; 0
     940:	90 e0       	ldi	r25, 0x00	; 0
     942:	43 dc       	rcall	.-1914   	; 0x1ca <_Z5cekejm>
				postrehomer(100);
			break;
			case ecMode::rnd:
				modeSwTimLim = 100;
				srand(12345);
				while (!modeSwBylo) {
     944:	dc cf       	rjmp	.-72     	; 0x8fe <main+0x190>
					ledky(kruh);
					cekej(30);
				}
			break;
			case ecMode::adc35:
				adcMeas(35); // 3-5 V
     946:	83 e2       	ldi	r24, 0x23	; 35
     948:	f1 dd       	rcall	.-1054   	; 0x52c <_Z7adcMeash>
			break;
     94a:	05 c0       	rjmp	.+10     	; 0x956 <main+0x1e8>
			case ecMode::adc46:
				adcMeas(46); // 4-6 V
     94c:	8e e2       	ldi	r24, 0x2E	; 46
     94e:	ee dd       	rcall	.-1060   	; 0x52c <_Z7adcMeash>
			break;
     950:	02 c0       	rjmp	.+4      	; 0x956 <main+0x1e8>
			case ecMode::adcBin:
				adcMeas(0); // mV bin
     952:	80 e0       	ldi	r24, 0x00	; 0
     954:	eb dd       	rcall	.-1066   	; 0x52c <_Z7adcMeash>
			break;
		}
		ledky(0);
     956:	60 e0       	ldi	r22, 0x00	; 0
     958:	70 e0       	ldi	r23, 0x00	; 0
     95a:	cb 01       	movw	r24, r22
     95c:	9f db       	rcall	.-2242   	; 0x9c <_Z5ledkym>
		while(tlacitko) {
     95e:	80 91 12 3e 	lds	r24, 0x3E12	; 0x803e12 <tlacitko>
     962:	88 23       	and	r24, r24
     964:	01 f1       	breq	.+64     	; 0x9a6 <main+0x238>
			cekej(0);
     966:	60 e0       	ldi	r22, 0x00	; 0
     968:	70 e0       	ldi	r23, 0x00	; 0
     96a:	cb 01       	movw	r24, r22
     96c:	2e dc       	rcall	.-1956   	; 0x1ca <_Z5cekejm>
			if (tlacitkoTim>10000) {
     96e:	80 91 10 3e 	lds	r24, 0x3E10	; 0x803e10 <tlacitkoTim>
     972:	90 91 11 3e 	lds	r25, 0x3E11	; 0x803e11 <tlacitkoTim+0x1>
     976:	81 31       	cpi	r24, 0x11	; 17
     978:	97 42       	sbci	r25, 0x27	; 39
     97a:	88 f3       	brcs	.-30     	; 0x95e <main+0x1f0>
     97c:	11 e0       	ldi	r17, 0x01	; 1
				for (uint8_t n=1; n<21; n++) {
     97e:	15 31       	cpi	r17, 0x15	; 21
     980:	70 f7       	brcc	.-36     	; 0x95e <main+0x1f0>
					cekej(500);
     982:	64 ef       	ldi	r22, 0xF4	; 244
     984:	71 e0       	ldi	r23, 0x01	; 1
     986:	80 e0       	ldi	r24, 0x00	; 0
     988:	90 e0       	ldi	r25, 0x00	; 0
     98a:	1f dc       	rcall	.-1986   	; 0x1ca <_Z5cekejm>
					if (!tlacitko) break;
     98c:	80 91 12 3e 	lds	r24, 0x3E12	; 0x803e12 <tlacitko>
     990:	88 23       	and	r24, r24
     992:	29 f3       	breq	.-54     	; 0x95e <main+0x1f0>
					bargraf(n);
     994:	81 2f       	mov	r24, r17
     996:	f9 db       	rcall	.-2062   	; 0x18a <_Z7bargrafh>
					if (n==20) {
     998:	14 31       	cpi	r17, 0x14	; 20
     99a:	19 f4       	brne	.+6      	; 0x9a2 <main+0x234>
						eepromReset();
     99c:	73 db       	rcall	.-2330   	; 0x84 <_Z11eepromResetv>
						mode = static_cast<ecMode>(static_cast<uint8_t>(ecMode::enum_end) - 1);
     99e:	8b e0       	ldi	r24, 0x0B	; 11
     9a0:	89 83       	std	Y+1, r24	; 0x01
		}
		ledky(0);
		while(tlacitko) {
			cekej(0);
			if (tlacitkoTim>10000) {
				for (uint8_t n=1; n<21; n++) {
     9a2:	1f 5f       	subi	r17, 0xFF	; 255
     9a4:	ec cf       	rjmp	.-40     	; 0x97e <main+0x210>
						mode = static_cast<ecMode>(static_cast<uint8_t>(ecMode::enum_end) - 1);
					}
				}
			}
		}
		modeSwBylo = 0;
     9a6:	10 92 0f 3e 	sts	0x3E0F, r1	; 0x803e0f <modeSwBylo>
		mode++;
     9aa:	60 e0       	ldi	r22, 0x00	; 0
     9ac:	70 e0       	ldi	r23, 0x00	; 0
     9ae:	ce 01       	movw	r24, r28
     9b0:	01 96       	adiw	r24, 0x01	; 1
     9b2:	d3 de       	rcall	.-602    	; 0x75a <_ZppI6ecModeERT_S2_i>
		eeprom_update_byte((uint8_t*)&eMode, static_cast<uint8_t>(mode));
     9b4:	69 81       	ldd	r22, Y+1	; 0x01
     9b6:	80 e0       	ldi	r24, 0x00	; 0
     9b8:	90 e0       	ldi	r25, 0x00	; 0
     9ba:	f7 d2       	rcall	.+1518   	; 0xfaa <eeprom_update_byte>
	if (eeprom_read_byte((uint8_t*)&eMode) >= static_cast<uint8_t>(ecMode::enum_end)) {
		eepromReset();
	}
	ecMode mode = static_cast<ecMode>(eeprom_read_byte((uint8_t*)&eMode));
	
    while (1) {
     9bc:	6a cf       	rjmp	.-300    	; 0x892 <main+0x124>

000009be <__subsf3>:
     9be:	50 58       	subi	r21, 0x80	; 128

000009c0 <__addsf3>:
     9c0:	bb 27       	eor	r27, r27
     9c2:	aa 27       	eor	r26, r26
     9c4:	0e 94 f7 04 	call	0x9ee	; 0x9ee <__addsf3x>
     9c8:	0c 94 6a 06 	jmp	0xcd4	; 0xcd4 <__fp_round>
     9cc:	0e 94 5c 06 	call	0xcb8	; 0xcb8 <__fp_pscA>
     9d0:	38 f0       	brcs	.+14     	; 0x9e0 <__addsf3+0x20>
     9d2:	0e 94 63 06 	call	0xcc6	; 0xcc6 <__fp_pscB>
     9d6:	20 f0       	brcs	.+8      	; 0x9e0 <__addsf3+0x20>
     9d8:	39 f4       	brne	.+14     	; 0x9e8 <__addsf3+0x28>
     9da:	9f 3f       	cpi	r25, 0xFF	; 255
     9dc:	19 f4       	brne	.+6      	; 0x9e4 <__addsf3+0x24>
     9de:	26 f4       	brtc	.+8      	; 0x9e8 <__addsf3+0x28>
     9e0:	0c 94 59 06 	jmp	0xcb2	; 0xcb2 <__fp_nan>
     9e4:	0e f4       	brtc	.+2      	; 0x9e8 <__addsf3+0x28>
     9e6:	e0 95       	com	r30
     9e8:	e7 fb       	bst	r30, 7
     9ea:	0c 94 53 06 	jmp	0xca6	; 0xca6 <__fp_inf>

000009ee <__addsf3x>:
     9ee:	e9 2f       	mov	r30, r25
     9f0:	0e 94 7b 06 	call	0xcf6	; 0xcf6 <__fp_split3>
     9f4:	58 f3       	brcs	.-42     	; 0x9cc <__addsf3+0xc>
     9f6:	ba 17       	cp	r27, r26
     9f8:	62 07       	cpc	r22, r18
     9fa:	73 07       	cpc	r23, r19
     9fc:	84 07       	cpc	r24, r20
     9fe:	95 07       	cpc	r25, r21
     a00:	20 f0       	brcs	.+8      	; 0xa0a <__addsf3x+0x1c>
     a02:	79 f4       	brne	.+30     	; 0xa22 <__addsf3x+0x34>
     a04:	a6 f5       	brtc	.+104    	; 0xa6e <__addsf3x+0x80>
     a06:	0c 94 9d 06 	jmp	0xd3a	; 0xd3a <__fp_zero>
     a0a:	0e f4       	brtc	.+2      	; 0xa0e <__addsf3x+0x20>
     a0c:	e0 95       	com	r30
     a0e:	0b 2e       	mov	r0, r27
     a10:	ba 2f       	mov	r27, r26
     a12:	a0 2d       	mov	r26, r0
     a14:	0b 01       	movw	r0, r22
     a16:	b9 01       	movw	r22, r18
     a18:	90 01       	movw	r18, r0
     a1a:	0c 01       	movw	r0, r24
     a1c:	ca 01       	movw	r24, r20
     a1e:	a0 01       	movw	r20, r0
     a20:	11 24       	eor	r1, r1
     a22:	ff 27       	eor	r31, r31
     a24:	59 1b       	sub	r21, r25
     a26:	99 f0       	breq	.+38     	; 0xa4e <__addsf3x+0x60>
     a28:	59 3f       	cpi	r21, 0xF9	; 249
     a2a:	50 f4       	brcc	.+20     	; 0xa40 <__addsf3x+0x52>
     a2c:	50 3e       	cpi	r21, 0xE0	; 224
     a2e:	68 f1       	brcs	.+90     	; 0xa8a <__addsf3x+0x9c>
     a30:	1a 16       	cp	r1, r26
     a32:	f0 40       	sbci	r31, 0x00	; 0
     a34:	a2 2f       	mov	r26, r18
     a36:	23 2f       	mov	r18, r19
     a38:	34 2f       	mov	r19, r20
     a3a:	44 27       	eor	r20, r20
     a3c:	58 5f       	subi	r21, 0xF8	; 248
     a3e:	f3 cf       	rjmp	.-26     	; 0xa26 <__addsf3x+0x38>
     a40:	46 95       	lsr	r20
     a42:	37 95       	ror	r19
     a44:	27 95       	ror	r18
     a46:	a7 95       	ror	r26
     a48:	f0 40       	sbci	r31, 0x00	; 0
     a4a:	53 95       	inc	r21
     a4c:	c9 f7       	brne	.-14     	; 0xa40 <__addsf3x+0x52>
     a4e:	7e f4       	brtc	.+30     	; 0xa6e <__addsf3x+0x80>
     a50:	1f 16       	cp	r1, r31
     a52:	ba 0b       	sbc	r27, r26
     a54:	62 0b       	sbc	r22, r18
     a56:	73 0b       	sbc	r23, r19
     a58:	84 0b       	sbc	r24, r20
     a5a:	ba f0       	brmi	.+46     	; 0xa8a <__addsf3x+0x9c>
     a5c:	91 50       	subi	r25, 0x01	; 1
     a5e:	a1 f0       	breq	.+40     	; 0xa88 <__addsf3x+0x9a>
     a60:	ff 0f       	add	r31, r31
     a62:	bb 1f       	adc	r27, r27
     a64:	66 1f       	adc	r22, r22
     a66:	77 1f       	adc	r23, r23
     a68:	88 1f       	adc	r24, r24
     a6a:	c2 f7       	brpl	.-16     	; 0xa5c <__addsf3x+0x6e>
     a6c:	0e c0       	rjmp	.+28     	; 0xa8a <__addsf3x+0x9c>
     a6e:	ba 0f       	add	r27, r26
     a70:	62 1f       	adc	r22, r18
     a72:	73 1f       	adc	r23, r19
     a74:	84 1f       	adc	r24, r20
     a76:	48 f4       	brcc	.+18     	; 0xa8a <__addsf3x+0x9c>
     a78:	87 95       	ror	r24
     a7a:	77 95       	ror	r23
     a7c:	67 95       	ror	r22
     a7e:	b7 95       	ror	r27
     a80:	f7 95       	ror	r31
     a82:	9e 3f       	cpi	r25, 0xFE	; 254
     a84:	08 f0       	brcs	.+2      	; 0xa88 <__addsf3x+0x9a>
     a86:	b0 cf       	rjmp	.-160    	; 0x9e8 <__addsf3+0x28>
     a88:	93 95       	inc	r25
     a8a:	88 0f       	add	r24, r24
     a8c:	08 f0       	brcs	.+2      	; 0xa90 <__addsf3x+0xa2>
     a8e:	99 27       	eor	r25, r25
     a90:	ee 0f       	add	r30, r30
     a92:	97 95       	ror	r25
     a94:	87 95       	ror	r24
     a96:	08 95       	ret

00000a98 <__cmpsf2>:
     a98:	0e 94 2f 06 	call	0xc5e	; 0xc5e <__fp_cmp>
     a9c:	08 f4       	brcc	.+2      	; 0xaa0 <__cmpsf2+0x8>
     a9e:	81 e0       	ldi	r24, 0x01	; 1
     aa0:	08 95       	ret

00000aa2 <__divsf3>:
     aa2:	0e 94 65 05 	call	0xaca	; 0xaca <__divsf3x>
     aa6:	0c 94 6a 06 	jmp	0xcd4	; 0xcd4 <__fp_round>
     aaa:	0e 94 63 06 	call	0xcc6	; 0xcc6 <__fp_pscB>
     aae:	58 f0       	brcs	.+22     	; 0xac6 <__divsf3+0x24>
     ab0:	0e 94 5c 06 	call	0xcb8	; 0xcb8 <__fp_pscA>
     ab4:	40 f0       	brcs	.+16     	; 0xac6 <__divsf3+0x24>
     ab6:	29 f4       	brne	.+10     	; 0xac2 <__divsf3+0x20>
     ab8:	5f 3f       	cpi	r21, 0xFF	; 255
     aba:	29 f0       	breq	.+10     	; 0xac6 <__divsf3+0x24>
     abc:	0c 94 53 06 	jmp	0xca6	; 0xca6 <__fp_inf>
     ac0:	51 11       	cpse	r21, r1
     ac2:	0c 94 9e 06 	jmp	0xd3c	; 0xd3c <__fp_szero>
     ac6:	0c 94 59 06 	jmp	0xcb2	; 0xcb2 <__fp_nan>

00000aca <__divsf3x>:
     aca:	0e 94 7b 06 	call	0xcf6	; 0xcf6 <__fp_split3>
     ace:	68 f3       	brcs	.-38     	; 0xaaa <__divsf3+0x8>

00000ad0 <__divsf3_pse>:
     ad0:	99 23       	and	r25, r25
     ad2:	b1 f3       	breq	.-20     	; 0xac0 <__divsf3+0x1e>
     ad4:	55 23       	and	r21, r21
     ad6:	91 f3       	breq	.-28     	; 0xabc <__divsf3+0x1a>
     ad8:	95 1b       	sub	r25, r21
     ada:	55 0b       	sbc	r21, r21
     adc:	bb 27       	eor	r27, r27
     ade:	aa 27       	eor	r26, r26
     ae0:	62 17       	cp	r22, r18
     ae2:	73 07       	cpc	r23, r19
     ae4:	84 07       	cpc	r24, r20
     ae6:	38 f0       	brcs	.+14     	; 0xaf6 <__divsf3_pse+0x26>
     ae8:	9f 5f       	subi	r25, 0xFF	; 255
     aea:	5f 4f       	sbci	r21, 0xFF	; 255
     aec:	22 0f       	add	r18, r18
     aee:	33 1f       	adc	r19, r19
     af0:	44 1f       	adc	r20, r20
     af2:	aa 1f       	adc	r26, r26
     af4:	a9 f3       	breq	.-22     	; 0xae0 <__divsf3_pse+0x10>
     af6:	35 d0       	rcall	.+106    	; 0xb62 <__divsf3_pse+0x92>
     af8:	0e 2e       	mov	r0, r30
     afa:	3a f0       	brmi	.+14     	; 0xb0a <__divsf3_pse+0x3a>
     afc:	e0 e8       	ldi	r30, 0x80	; 128
     afe:	32 d0       	rcall	.+100    	; 0xb64 <__divsf3_pse+0x94>
     b00:	91 50       	subi	r25, 0x01	; 1
     b02:	50 40       	sbci	r21, 0x00	; 0
     b04:	e6 95       	lsr	r30
     b06:	00 1c       	adc	r0, r0
     b08:	ca f7       	brpl	.-14     	; 0xafc <__divsf3_pse+0x2c>
     b0a:	2b d0       	rcall	.+86     	; 0xb62 <__divsf3_pse+0x92>
     b0c:	fe 2f       	mov	r31, r30
     b0e:	29 d0       	rcall	.+82     	; 0xb62 <__divsf3_pse+0x92>
     b10:	66 0f       	add	r22, r22
     b12:	77 1f       	adc	r23, r23
     b14:	88 1f       	adc	r24, r24
     b16:	bb 1f       	adc	r27, r27
     b18:	26 17       	cp	r18, r22
     b1a:	37 07       	cpc	r19, r23
     b1c:	48 07       	cpc	r20, r24
     b1e:	ab 07       	cpc	r26, r27
     b20:	b0 e8       	ldi	r27, 0x80	; 128
     b22:	09 f0       	breq	.+2      	; 0xb26 <__divsf3_pse+0x56>
     b24:	bb 0b       	sbc	r27, r27
     b26:	80 2d       	mov	r24, r0
     b28:	bf 01       	movw	r22, r30
     b2a:	ff 27       	eor	r31, r31
     b2c:	93 58       	subi	r25, 0x83	; 131
     b2e:	5f 4f       	sbci	r21, 0xFF	; 255
     b30:	3a f0       	brmi	.+14     	; 0xb40 <__divsf3_pse+0x70>
     b32:	9e 3f       	cpi	r25, 0xFE	; 254
     b34:	51 05       	cpc	r21, r1
     b36:	78 f0       	brcs	.+30     	; 0xb56 <__divsf3_pse+0x86>
     b38:	0c 94 53 06 	jmp	0xca6	; 0xca6 <__fp_inf>
     b3c:	0c 94 9e 06 	jmp	0xd3c	; 0xd3c <__fp_szero>
     b40:	5f 3f       	cpi	r21, 0xFF	; 255
     b42:	e4 f3       	brlt	.-8      	; 0xb3c <__divsf3_pse+0x6c>
     b44:	98 3e       	cpi	r25, 0xE8	; 232
     b46:	d4 f3       	brlt	.-12     	; 0xb3c <__divsf3_pse+0x6c>
     b48:	86 95       	lsr	r24
     b4a:	77 95       	ror	r23
     b4c:	67 95       	ror	r22
     b4e:	b7 95       	ror	r27
     b50:	f7 95       	ror	r31
     b52:	9f 5f       	subi	r25, 0xFF	; 255
     b54:	c9 f7       	brne	.-14     	; 0xb48 <__divsf3_pse+0x78>
     b56:	88 0f       	add	r24, r24
     b58:	91 1d       	adc	r25, r1
     b5a:	96 95       	lsr	r25
     b5c:	87 95       	ror	r24
     b5e:	97 f9       	bld	r25, 7
     b60:	08 95       	ret
     b62:	e1 e0       	ldi	r30, 0x01	; 1
     b64:	66 0f       	add	r22, r22
     b66:	77 1f       	adc	r23, r23
     b68:	88 1f       	adc	r24, r24
     b6a:	bb 1f       	adc	r27, r27
     b6c:	62 17       	cp	r22, r18
     b6e:	73 07       	cpc	r23, r19
     b70:	84 07       	cpc	r24, r20
     b72:	ba 07       	cpc	r27, r26
     b74:	20 f0       	brcs	.+8      	; 0xb7e <__divsf3_pse+0xae>
     b76:	62 1b       	sub	r22, r18
     b78:	73 0b       	sbc	r23, r19
     b7a:	84 0b       	sbc	r24, r20
     b7c:	ba 0b       	sbc	r27, r26
     b7e:	ee 1f       	adc	r30, r30
     b80:	88 f7       	brcc	.-30     	; 0xb64 <__divsf3_pse+0x94>
     b82:	e0 95       	com	r30
     b84:	08 95       	ret

00000b86 <__fixunssfsi>:
     b86:	0e 94 83 06 	call	0xd06	; 0xd06 <__fp_splitA>
     b8a:	88 f0       	brcs	.+34     	; 0xbae <__fixunssfsi+0x28>
     b8c:	9f 57       	subi	r25, 0x7F	; 127
     b8e:	98 f0       	brcs	.+38     	; 0xbb6 <__fixunssfsi+0x30>
     b90:	b9 2f       	mov	r27, r25
     b92:	99 27       	eor	r25, r25
     b94:	b7 51       	subi	r27, 0x17	; 23
     b96:	b0 f0       	brcs	.+44     	; 0xbc4 <__fixunssfsi+0x3e>
     b98:	e1 f0       	breq	.+56     	; 0xbd2 <__fixunssfsi+0x4c>
     b9a:	66 0f       	add	r22, r22
     b9c:	77 1f       	adc	r23, r23
     b9e:	88 1f       	adc	r24, r24
     ba0:	99 1f       	adc	r25, r25
     ba2:	1a f0       	brmi	.+6      	; 0xbaa <__fixunssfsi+0x24>
     ba4:	ba 95       	dec	r27
     ba6:	c9 f7       	brne	.-14     	; 0xb9a <__fixunssfsi+0x14>
     ba8:	14 c0       	rjmp	.+40     	; 0xbd2 <__fixunssfsi+0x4c>
     baa:	b1 30       	cpi	r27, 0x01	; 1
     bac:	91 f0       	breq	.+36     	; 0xbd2 <__fixunssfsi+0x4c>
     bae:	0e 94 9d 06 	call	0xd3a	; 0xd3a <__fp_zero>
     bb2:	b1 e0       	ldi	r27, 0x01	; 1
     bb4:	08 95       	ret
     bb6:	0c 94 9d 06 	jmp	0xd3a	; 0xd3a <__fp_zero>
     bba:	67 2f       	mov	r22, r23
     bbc:	78 2f       	mov	r23, r24
     bbe:	88 27       	eor	r24, r24
     bc0:	b8 5f       	subi	r27, 0xF8	; 248
     bc2:	39 f0       	breq	.+14     	; 0xbd2 <__fixunssfsi+0x4c>
     bc4:	b9 3f       	cpi	r27, 0xF9	; 249
     bc6:	cc f3       	brlt	.-14     	; 0xbba <__fixunssfsi+0x34>
     bc8:	86 95       	lsr	r24
     bca:	77 95       	ror	r23
     bcc:	67 95       	ror	r22
     bce:	b3 95       	inc	r27
     bd0:	d9 f7       	brne	.-10     	; 0xbc8 <__fixunssfsi+0x42>
     bd2:	3e f4       	brtc	.+14     	; 0xbe2 <__fixunssfsi+0x5c>
     bd4:	90 95       	com	r25
     bd6:	80 95       	com	r24
     bd8:	70 95       	com	r23
     bda:	61 95       	neg	r22
     bdc:	7f 4f       	sbci	r23, 0xFF	; 255
     bde:	8f 4f       	sbci	r24, 0xFF	; 255
     be0:	9f 4f       	sbci	r25, 0xFF	; 255
     be2:	08 95       	ret

00000be4 <__floatunsisf>:
     be4:	e8 94       	clt
     be6:	09 c0       	rjmp	.+18     	; 0xbfa <__floatsisf+0x12>

00000be8 <__floatsisf>:
     be8:	97 fb       	bst	r25, 7
     bea:	3e f4       	brtc	.+14     	; 0xbfa <__floatsisf+0x12>
     bec:	90 95       	com	r25
     bee:	80 95       	com	r24
     bf0:	70 95       	com	r23
     bf2:	61 95       	neg	r22
     bf4:	7f 4f       	sbci	r23, 0xFF	; 255
     bf6:	8f 4f       	sbci	r24, 0xFF	; 255
     bf8:	9f 4f       	sbci	r25, 0xFF	; 255
     bfa:	99 23       	and	r25, r25
     bfc:	a9 f0       	breq	.+42     	; 0xc28 <__floatsisf+0x40>
     bfe:	f9 2f       	mov	r31, r25
     c00:	96 e9       	ldi	r25, 0x96	; 150
     c02:	bb 27       	eor	r27, r27
     c04:	93 95       	inc	r25
     c06:	f6 95       	lsr	r31
     c08:	87 95       	ror	r24
     c0a:	77 95       	ror	r23
     c0c:	67 95       	ror	r22
     c0e:	b7 95       	ror	r27
     c10:	f1 11       	cpse	r31, r1
     c12:	f8 cf       	rjmp	.-16     	; 0xc04 <__floatsisf+0x1c>
     c14:	fa f4       	brpl	.+62     	; 0xc54 <__floatsisf+0x6c>
     c16:	bb 0f       	add	r27, r27
     c18:	11 f4       	brne	.+4      	; 0xc1e <__floatsisf+0x36>
     c1a:	60 ff       	sbrs	r22, 0
     c1c:	1b c0       	rjmp	.+54     	; 0xc54 <__floatsisf+0x6c>
     c1e:	6f 5f       	subi	r22, 0xFF	; 255
     c20:	7f 4f       	sbci	r23, 0xFF	; 255
     c22:	8f 4f       	sbci	r24, 0xFF	; 255
     c24:	9f 4f       	sbci	r25, 0xFF	; 255
     c26:	16 c0       	rjmp	.+44     	; 0xc54 <__floatsisf+0x6c>
     c28:	88 23       	and	r24, r24
     c2a:	11 f0       	breq	.+4      	; 0xc30 <__floatsisf+0x48>
     c2c:	96 e9       	ldi	r25, 0x96	; 150
     c2e:	11 c0       	rjmp	.+34     	; 0xc52 <__floatsisf+0x6a>
     c30:	77 23       	and	r23, r23
     c32:	21 f0       	breq	.+8      	; 0xc3c <__floatsisf+0x54>
     c34:	9e e8       	ldi	r25, 0x8E	; 142
     c36:	87 2f       	mov	r24, r23
     c38:	76 2f       	mov	r23, r22
     c3a:	05 c0       	rjmp	.+10     	; 0xc46 <__floatsisf+0x5e>
     c3c:	66 23       	and	r22, r22
     c3e:	71 f0       	breq	.+28     	; 0xc5c <__floatsisf+0x74>
     c40:	96 e8       	ldi	r25, 0x86	; 134
     c42:	86 2f       	mov	r24, r22
     c44:	70 e0       	ldi	r23, 0x00	; 0
     c46:	60 e0       	ldi	r22, 0x00	; 0
     c48:	2a f0       	brmi	.+10     	; 0xc54 <__floatsisf+0x6c>
     c4a:	9a 95       	dec	r25
     c4c:	66 0f       	add	r22, r22
     c4e:	77 1f       	adc	r23, r23
     c50:	88 1f       	adc	r24, r24
     c52:	da f7       	brpl	.-10     	; 0xc4a <__floatsisf+0x62>
     c54:	88 0f       	add	r24, r24
     c56:	96 95       	lsr	r25
     c58:	87 95       	ror	r24
     c5a:	97 f9       	bld	r25, 7
     c5c:	08 95       	ret

00000c5e <__fp_cmp>:
     c5e:	99 0f       	add	r25, r25
     c60:	00 08       	sbc	r0, r0
     c62:	55 0f       	add	r21, r21
     c64:	aa 0b       	sbc	r26, r26
     c66:	e0 e8       	ldi	r30, 0x80	; 128
     c68:	fe ef       	ldi	r31, 0xFE	; 254
     c6a:	16 16       	cp	r1, r22
     c6c:	17 06       	cpc	r1, r23
     c6e:	e8 07       	cpc	r30, r24
     c70:	f9 07       	cpc	r31, r25
     c72:	c0 f0       	brcs	.+48     	; 0xca4 <__fp_cmp+0x46>
     c74:	12 16       	cp	r1, r18
     c76:	13 06       	cpc	r1, r19
     c78:	e4 07       	cpc	r30, r20
     c7a:	f5 07       	cpc	r31, r21
     c7c:	98 f0       	brcs	.+38     	; 0xca4 <__fp_cmp+0x46>
     c7e:	62 1b       	sub	r22, r18
     c80:	73 0b       	sbc	r23, r19
     c82:	84 0b       	sbc	r24, r20
     c84:	95 0b       	sbc	r25, r21
     c86:	39 f4       	brne	.+14     	; 0xc96 <__fp_cmp+0x38>
     c88:	0a 26       	eor	r0, r26
     c8a:	61 f0       	breq	.+24     	; 0xca4 <__fp_cmp+0x46>
     c8c:	23 2b       	or	r18, r19
     c8e:	24 2b       	or	r18, r20
     c90:	25 2b       	or	r18, r21
     c92:	21 f4       	brne	.+8      	; 0xc9c <__fp_cmp+0x3e>
     c94:	08 95       	ret
     c96:	0a 26       	eor	r0, r26
     c98:	09 f4       	brne	.+2      	; 0xc9c <__fp_cmp+0x3e>
     c9a:	a1 40       	sbci	r26, 0x01	; 1
     c9c:	a6 95       	lsr	r26
     c9e:	8f ef       	ldi	r24, 0xFF	; 255
     ca0:	81 1d       	adc	r24, r1
     ca2:	81 1d       	adc	r24, r1
     ca4:	08 95       	ret

00000ca6 <__fp_inf>:
     ca6:	97 f9       	bld	r25, 7
     ca8:	9f 67       	ori	r25, 0x7F	; 127
     caa:	80 e8       	ldi	r24, 0x80	; 128
     cac:	70 e0       	ldi	r23, 0x00	; 0
     cae:	60 e0       	ldi	r22, 0x00	; 0
     cb0:	08 95       	ret

00000cb2 <__fp_nan>:
     cb2:	9f ef       	ldi	r25, 0xFF	; 255
     cb4:	80 ec       	ldi	r24, 0xC0	; 192
     cb6:	08 95       	ret

00000cb8 <__fp_pscA>:
     cb8:	00 24       	eor	r0, r0
     cba:	0a 94       	dec	r0
     cbc:	16 16       	cp	r1, r22
     cbe:	17 06       	cpc	r1, r23
     cc0:	18 06       	cpc	r1, r24
     cc2:	09 06       	cpc	r0, r25
     cc4:	08 95       	ret

00000cc6 <__fp_pscB>:
     cc6:	00 24       	eor	r0, r0
     cc8:	0a 94       	dec	r0
     cca:	12 16       	cp	r1, r18
     ccc:	13 06       	cpc	r1, r19
     cce:	14 06       	cpc	r1, r20
     cd0:	05 06       	cpc	r0, r21
     cd2:	08 95       	ret

00000cd4 <__fp_round>:
     cd4:	09 2e       	mov	r0, r25
     cd6:	03 94       	inc	r0
     cd8:	00 0c       	add	r0, r0
     cda:	11 f4       	brne	.+4      	; 0xce0 <__fp_round+0xc>
     cdc:	88 23       	and	r24, r24
     cde:	52 f0       	brmi	.+20     	; 0xcf4 <__fp_round+0x20>
     ce0:	bb 0f       	add	r27, r27
     ce2:	40 f4       	brcc	.+16     	; 0xcf4 <__fp_round+0x20>
     ce4:	bf 2b       	or	r27, r31
     ce6:	11 f4       	brne	.+4      	; 0xcec <__fp_round+0x18>
     ce8:	60 ff       	sbrs	r22, 0
     cea:	04 c0       	rjmp	.+8      	; 0xcf4 <__fp_round+0x20>
     cec:	6f 5f       	subi	r22, 0xFF	; 255
     cee:	7f 4f       	sbci	r23, 0xFF	; 255
     cf0:	8f 4f       	sbci	r24, 0xFF	; 255
     cf2:	9f 4f       	sbci	r25, 0xFF	; 255
     cf4:	08 95       	ret

00000cf6 <__fp_split3>:
     cf6:	57 fd       	sbrc	r21, 7
     cf8:	90 58       	subi	r25, 0x80	; 128
     cfa:	44 0f       	add	r20, r20
     cfc:	55 1f       	adc	r21, r21
     cfe:	59 f0       	breq	.+22     	; 0xd16 <__fp_splitA+0x10>
     d00:	5f 3f       	cpi	r21, 0xFF	; 255
     d02:	71 f0       	breq	.+28     	; 0xd20 <__fp_splitA+0x1a>
     d04:	47 95       	ror	r20

00000d06 <__fp_splitA>:
     d06:	88 0f       	add	r24, r24
     d08:	97 fb       	bst	r25, 7
     d0a:	99 1f       	adc	r25, r25
     d0c:	61 f0       	breq	.+24     	; 0xd26 <__fp_splitA+0x20>
     d0e:	9f 3f       	cpi	r25, 0xFF	; 255
     d10:	79 f0       	breq	.+30     	; 0xd30 <__fp_splitA+0x2a>
     d12:	87 95       	ror	r24
     d14:	08 95       	ret
     d16:	12 16       	cp	r1, r18
     d18:	13 06       	cpc	r1, r19
     d1a:	14 06       	cpc	r1, r20
     d1c:	55 1f       	adc	r21, r21
     d1e:	f2 cf       	rjmp	.-28     	; 0xd04 <__fp_split3+0xe>
     d20:	46 95       	lsr	r20
     d22:	f1 df       	rcall	.-30     	; 0xd06 <__fp_splitA>
     d24:	08 c0       	rjmp	.+16     	; 0xd36 <__fp_splitA+0x30>
     d26:	16 16       	cp	r1, r22
     d28:	17 06       	cpc	r1, r23
     d2a:	18 06       	cpc	r1, r24
     d2c:	99 1f       	adc	r25, r25
     d2e:	f1 cf       	rjmp	.-30     	; 0xd12 <__fp_splitA+0xc>
     d30:	86 95       	lsr	r24
     d32:	71 05       	cpc	r23, r1
     d34:	61 05       	cpc	r22, r1
     d36:	08 94       	sec
     d38:	08 95       	ret

00000d3a <__fp_zero>:
     d3a:	e8 94       	clt

00000d3c <__fp_szero>:
     d3c:	bb 27       	eor	r27, r27
     d3e:	66 27       	eor	r22, r22
     d40:	77 27       	eor	r23, r23
     d42:	cb 01       	movw	r24, r22
     d44:	97 f9       	bld	r25, 7
     d46:	08 95       	ret

00000d48 <__mulsf3>:
     d48:	0e 94 b7 06 	call	0xd6e	; 0xd6e <__mulsf3x>
     d4c:	0c 94 6a 06 	jmp	0xcd4	; 0xcd4 <__fp_round>
     d50:	0e 94 5c 06 	call	0xcb8	; 0xcb8 <__fp_pscA>
     d54:	38 f0       	brcs	.+14     	; 0xd64 <__mulsf3+0x1c>
     d56:	0e 94 63 06 	call	0xcc6	; 0xcc6 <__fp_pscB>
     d5a:	20 f0       	brcs	.+8      	; 0xd64 <__mulsf3+0x1c>
     d5c:	95 23       	and	r25, r21
     d5e:	11 f0       	breq	.+4      	; 0xd64 <__mulsf3+0x1c>
     d60:	0c 94 53 06 	jmp	0xca6	; 0xca6 <__fp_inf>
     d64:	0c 94 59 06 	jmp	0xcb2	; 0xcb2 <__fp_nan>
     d68:	11 24       	eor	r1, r1
     d6a:	0c 94 9e 06 	jmp	0xd3c	; 0xd3c <__fp_szero>

00000d6e <__mulsf3x>:
     d6e:	0e 94 7b 06 	call	0xcf6	; 0xcf6 <__fp_split3>
     d72:	70 f3       	brcs	.-36     	; 0xd50 <__mulsf3+0x8>

00000d74 <__mulsf3_pse>:
     d74:	95 9f       	mul	r25, r21
     d76:	c1 f3       	breq	.-16     	; 0xd68 <__mulsf3+0x20>
     d78:	95 0f       	add	r25, r21
     d7a:	50 e0       	ldi	r21, 0x00	; 0
     d7c:	55 1f       	adc	r21, r21
     d7e:	62 9f       	mul	r22, r18
     d80:	f0 01       	movw	r30, r0
     d82:	72 9f       	mul	r23, r18
     d84:	bb 27       	eor	r27, r27
     d86:	f0 0d       	add	r31, r0
     d88:	b1 1d       	adc	r27, r1
     d8a:	63 9f       	mul	r22, r19
     d8c:	aa 27       	eor	r26, r26
     d8e:	f0 0d       	add	r31, r0
     d90:	b1 1d       	adc	r27, r1
     d92:	aa 1f       	adc	r26, r26
     d94:	64 9f       	mul	r22, r20
     d96:	66 27       	eor	r22, r22
     d98:	b0 0d       	add	r27, r0
     d9a:	a1 1d       	adc	r26, r1
     d9c:	66 1f       	adc	r22, r22
     d9e:	82 9f       	mul	r24, r18
     da0:	22 27       	eor	r18, r18
     da2:	b0 0d       	add	r27, r0
     da4:	a1 1d       	adc	r26, r1
     da6:	62 1f       	adc	r22, r18
     da8:	73 9f       	mul	r23, r19
     daa:	b0 0d       	add	r27, r0
     dac:	a1 1d       	adc	r26, r1
     dae:	62 1f       	adc	r22, r18
     db0:	83 9f       	mul	r24, r19
     db2:	a0 0d       	add	r26, r0
     db4:	61 1d       	adc	r22, r1
     db6:	22 1f       	adc	r18, r18
     db8:	74 9f       	mul	r23, r20
     dba:	33 27       	eor	r19, r19
     dbc:	a0 0d       	add	r26, r0
     dbe:	61 1d       	adc	r22, r1
     dc0:	23 1f       	adc	r18, r19
     dc2:	84 9f       	mul	r24, r20
     dc4:	60 0d       	add	r22, r0
     dc6:	21 1d       	adc	r18, r1
     dc8:	82 2f       	mov	r24, r18
     dca:	76 2f       	mov	r23, r22
     dcc:	6a 2f       	mov	r22, r26
     dce:	11 24       	eor	r1, r1
     dd0:	9f 57       	subi	r25, 0x7F	; 127
     dd2:	50 40       	sbci	r21, 0x00	; 0
     dd4:	9a f0       	brmi	.+38     	; 0xdfc <__mulsf3_pse+0x88>
     dd6:	f1 f0       	breq	.+60     	; 0xe14 <__mulsf3_pse+0xa0>
     dd8:	88 23       	and	r24, r24
     dda:	4a f0       	brmi	.+18     	; 0xdee <__mulsf3_pse+0x7a>
     ddc:	ee 0f       	add	r30, r30
     dde:	ff 1f       	adc	r31, r31
     de0:	bb 1f       	adc	r27, r27
     de2:	66 1f       	adc	r22, r22
     de4:	77 1f       	adc	r23, r23
     de6:	88 1f       	adc	r24, r24
     de8:	91 50       	subi	r25, 0x01	; 1
     dea:	50 40       	sbci	r21, 0x00	; 0
     dec:	a9 f7       	brne	.-22     	; 0xdd8 <__mulsf3_pse+0x64>
     dee:	9e 3f       	cpi	r25, 0xFE	; 254
     df0:	51 05       	cpc	r21, r1
     df2:	80 f0       	brcs	.+32     	; 0xe14 <__mulsf3_pse+0xa0>
     df4:	0c 94 53 06 	jmp	0xca6	; 0xca6 <__fp_inf>
     df8:	0c 94 9e 06 	jmp	0xd3c	; 0xd3c <__fp_szero>
     dfc:	5f 3f       	cpi	r21, 0xFF	; 255
     dfe:	e4 f3       	brlt	.-8      	; 0xdf8 <__mulsf3_pse+0x84>
     e00:	98 3e       	cpi	r25, 0xE8	; 232
     e02:	d4 f3       	brlt	.-12     	; 0xdf8 <__mulsf3_pse+0x84>
     e04:	86 95       	lsr	r24
     e06:	77 95       	ror	r23
     e08:	67 95       	ror	r22
     e0a:	b7 95       	ror	r27
     e0c:	f7 95       	ror	r31
     e0e:	e7 95       	ror	r30
     e10:	9f 5f       	subi	r25, 0xFF	; 255
     e12:	c1 f7       	brne	.-16     	; 0xe04 <__mulsf3_pse+0x90>
     e14:	fe 2b       	or	r31, r30
     e16:	88 0f       	add	r24, r24
     e18:	91 1d       	adc	r25, r1
     e1a:	96 95       	lsr	r25
     e1c:	87 95       	ror	r24
     e1e:	97 f9       	bld	r25, 7
     e20:	08 95       	ret

00000e22 <__divmodhi4>:
     e22:	97 fb       	bst	r25, 7
     e24:	07 2e       	mov	r0, r23
     e26:	16 f4       	brtc	.+4      	; 0xe2c <__divmodhi4+0xa>
     e28:	00 94       	com	r0
     e2a:	06 d0       	rcall	.+12     	; 0xe38 <__divmodhi4_neg1>
     e2c:	77 fd       	sbrc	r23, 7
     e2e:	08 d0       	rcall	.+16     	; 0xe40 <__divmodhi4_neg2>
     e30:	33 d0       	rcall	.+102    	; 0xe98 <__udivmodhi4>
     e32:	07 fc       	sbrc	r0, 7
     e34:	05 d0       	rcall	.+10     	; 0xe40 <__divmodhi4_neg2>
     e36:	3e f4       	brtc	.+14     	; 0xe46 <__divmodhi4_exit>

00000e38 <__divmodhi4_neg1>:
     e38:	90 95       	com	r25
     e3a:	81 95       	neg	r24
     e3c:	9f 4f       	sbci	r25, 0xFF	; 255
     e3e:	08 95       	ret

00000e40 <__divmodhi4_neg2>:
     e40:	70 95       	com	r23
     e42:	61 95       	neg	r22
     e44:	7f 4f       	sbci	r23, 0xFF	; 255

00000e46 <__divmodhi4_exit>:
     e46:	08 95       	ret

00000e48 <__udivmodsi4>:
     e48:	a1 e2       	ldi	r26, 0x21	; 33
     e4a:	1a 2e       	mov	r1, r26
     e4c:	aa 1b       	sub	r26, r26
     e4e:	bb 1b       	sub	r27, r27
     e50:	fd 01       	movw	r30, r26
     e52:	0d c0       	rjmp	.+26     	; 0xe6e <__udivmodsi4_ep>

00000e54 <__udivmodsi4_loop>:
     e54:	aa 1f       	adc	r26, r26
     e56:	bb 1f       	adc	r27, r27
     e58:	ee 1f       	adc	r30, r30
     e5a:	ff 1f       	adc	r31, r31
     e5c:	a2 17       	cp	r26, r18
     e5e:	b3 07       	cpc	r27, r19
     e60:	e4 07       	cpc	r30, r20
     e62:	f5 07       	cpc	r31, r21
     e64:	20 f0       	brcs	.+8      	; 0xe6e <__udivmodsi4_ep>
     e66:	a2 1b       	sub	r26, r18
     e68:	b3 0b       	sbc	r27, r19
     e6a:	e4 0b       	sbc	r30, r20
     e6c:	f5 0b       	sbc	r31, r21

00000e6e <__udivmodsi4_ep>:
     e6e:	66 1f       	adc	r22, r22
     e70:	77 1f       	adc	r23, r23
     e72:	88 1f       	adc	r24, r24
     e74:	99 1f       	adc	r25, r25
     e76:	1a 94       	dec	r1
     e78:	69 f7       	brne	.-38     	; 0xe54 <__udivmodsi4_loop>
     e7a:	60 95       	com	r22
     e7c:	70 95       	com	r23
     e7e:	80 95       	com	r24
     e80:	90 95       	com	r25
     e82:	9b 01       	movw	r18, r22
     e84:	ac 01       	movw	r20, r24
     e86:	bd 01       	movw	r22, r26
     e88:	cf 01       	movw	r24, r30
     e8a:	08 95       	ret

00000e8c <__mulshisi3>:
     e8c:	b7 ff       	sbrs	r27, 7
     e8e:	18 c0       	rjmp	.+48     	; 0xec0 <__muluhisi3>

00000e90 <__mulohisi3>:
     e90:	17 d0       	rcall	.+46     	; 0xec0 <__muluhisi3>
     e92:	82 1b       	sub	r24, r18
     e94:	93 0b       	sbc	r25, r19
     e96:	08 95       	ret

00000e98 <__udivmodhi4>:
     e98:	aa 1b       	sub	r26, r26
     e9a:	bb 1b       	sub	r27, r27
     e9c:	51 e1       	ldi	r21, 0x11	; 17
     e9e:	07 c0       	rjmp	.+14     	; 0xeae <__udivmodhi4_ep>

00000ea0 <__udivmodhi4_loop>:
     ea0:	aa 1f       	adc	r26, r26
     ea2:	bb 1f       	adc	r27, r27
     ea4:	a6 17       	cp	r26, r22
     ea6:	b7 07       	cpc	r27, r23
     ea8:	10 f0       	brcs	.+4      	; 0xeae <__udivmodhi4_ep>
     eaa:	a6 1b       	sub	r26, r22
     eac:	b7 0b       	sbc	r27, r23

00000eae <__udivmodhi4_ep>:
     eae:	88 1f       	adc	r24, r24
     eb0:	99 1f       	adc	r25, r25
     eb2:	5a 95       	dec	r21
     eb4:	a9 f7       	brne	.-22     	; 0xea0 <__udivmodhi4_loop>
     eb6:	80 95       	com	r24
     eb8:	90 95       	com	r25
     eba:	bc 01       	movw	r22, r24
     ebc:	cd 01       	movw	r24, r26
     ebe:	08 95       	ret

00000ec0 <__muluhisi3>:
     ec0:	09 d0       	rcall	.+18     	; 0xed4 <__umulhisi3>
     ec2:	a5 9f       	mul	r26, r21
     ec4:	90 0d       	add	r25, r0
     ec6:	b4 9f       	mul	r27, r20
     ec8:	90 0d       	add	r25, r0
     eca:	a4 9f       	mul	r26, r20
     ecc:	80 0d       	add	r24, r0
     ece:	91 1d       	adc	r25, r1
     ed0:	11 24       	eor	r1, r1
     ed2:	08 95       	ret

00000ed4 <__umulhisi3>:
     ed4:	a2 9f       	mul	r26, r18
     ed6:	b0 01       	movw	r22, r0
     ed8:	b3 9f       	mul	r27, r19
     eda:	c0 01       	movw	r24, r0
     edc:	a3 9f       	mul	r26, r19
     ede:	01 d0       	rcall	.+2      	; 0xee2 <__umulhisi3+0xe>
     ee0:	b2 9f       	mul	r27, r18
     ee2:	70 0d       	add	r23, r0
     ee4:	81 1d       	adc	r24, r1
     ee6:	11 24       	eor	r1, r1
     ee8:	91 1d       	adc	r25, r1
     eea:	08 95       	ret

00000eec <do_rand>:
     eec:	8f 92       	push	r8
     eee:	9f 92       	push	r9
     ef0:	af 92       	push	r10
     ef2:	bf 92       	push	r11
     ef4:	cf 92       	push	r12
     ef6:	df 92       	push	r13
     ef8:	ef 92       	push	r14
     efa:	ff 92       	push	r15
     efc:	cf 93       	push	r28
     efe:	df 93       	push	r29
     f00:	ec 01       	movw	r28, r24
     f02:	68 81       	ld	r22, Y
     f04:	79 81       	ldd	r23, Y+1	; 0x01
     f06:	8a 81       	ldd	r24, Y+2	; 0x02
     f08:	9b 81       	ldd	r25, Y+3	; 0x03
     f0a:	61 15       	cp	r22, r1
     f0c:	71 05       	cpc	r23, r1
     f0e:	81 05       	cpc	r24, r1
     f10:	91 05       	cpc	r25, r1
     f12:	21 f4       	brne	.+8      	; 0xf1c <do_rand+0x30>
     f14:	64 e2       	ldi	r22, 0x24	; 36
     f16:	79 ed       	ldi	r23, 0xD9	; 217
     f18:	8b e5       	ldi	r24, 0x5B	; 91
     f1a:	97 e0       	ldi	r25, 0x07	; 7
     f1c:	2d e1       	ldi	r18, 0x1D	; 29
     f1e:	33 ef       	ldi	r19, 0xF3	; 243
     f20:	41 e0       	ldi	r20, 0x01	; 1
     f22:	50 e0       	ldi	r21, 0x00	; 0
     f24:	6d d0       	rcall	.+218    	; 0x1000 <__divmodsi4>
     f26:	49 01       	movw	r8, r18
     f28:	5a 01       	movw	r10, r20
     f2a:	9b 01       	movw	r18, r22
     f2c:	ac 01       	movw	r20, r24
     f2e:	a7 ea       	ldi	r26, 0xA7	; 167
     f30:	b1 e4       	ldi	r27, 0x41	; 65
     f32:	c6 df       	rcall	.-116    	; 0xec0 <__muluhisi3>
     f34:	6b 01       	movw	r12, r22
     f36:	7c 01       	movw	r14, r24
     f38:	ac ee       	ldi	r26, 0xEC	; 236
     f3a:	b4 ef       	ldi	r27, 0xF4	; 244
     f3c:	a5 01       	movw	r20, r10
     f3e:	94 01       	movw	r18, r8
     f40:	a7 df       	rcall	.-178    	; 0xe90 <__mulohisi3>
     f42:	dc 01       	movw	r26, r24
     f44:	cb 01       	movw	r24, r22
     f46:	8c 0d       	add	r24, r12
     f48:	9d 1d       	adc	r25, r13
     f4a:	ae 1d       	adc	r26, r14
     f4c:	bf 1d       	adc	r27, r15
     f4e:	b7 ff       	sbrs	r27, 7
     f50:	03 c0       	rjmp	.+6      	; 0xf58 <do_rand+0x6c>
     f52:	01 97       	sbiw	r24, 0x01	; 1
     f54:	a1 09       	sbc	r26, r1
     f56:	b0 48       	sbci	r27, 0x80	; 128
     f58:	88 83       	st	Y, r24
     f5a:	99 83       	std	Y+1, r25	; 0x01
     f5c:	aa 83       	std	Y+2, r26	; 0x02
     f5e:	bb 83       	std	Y+3, r27	; 0x03
     f60:	9f 77       	andi	r25, 0x7F	; 127
     f62:	df 91       	pop	r29
     f64:	cf 91       	pop	r28
     f66:	ff 90       	pop	r15
     f68:	ef 90       	pop	r14
     f6a:	df 90       	pop	r13
     f6c:	cf 90       	pop	r12
     f6e:	bf 90       	pop	r11
     f70:	af 90       	pop	r10
     f72:	9f 90       	pop	r9
     f74:	8f 90       	pop	r8
     f76:	08 95       	ret

00000f78 <rand_r>:
     f78:	b9 df       	rcall	.-142    	; 0xeec <do_rand>
     f7a:	08 95       	ret

00000f7c <rand>:
     f7c:	80 e0       	ldi	r24, 0x00	; 0
     f7e:	9e e3       	ldi	r25, 0x3E	; 62
     f80:	b5 df       	rcall	.-150    	; 0xeec <do_rand>
     f82:	08 95       	ret

00000f84 <srand>:
     f84:	a0 e0       	ldi	r26, 0x00	; 0
     f86:	b0 e0       	ldi	r27, 0x00	; 0
     f88:	80 93 00 3e 	sts	0x3E00, r24	; 0x803e00 <__DATA_REGION_ORIGIN__>
     f8c:	90 93 01 3e 	sts	0x3E01, r25	; 0x803e01 <__DATA_REGION_ORIGIN__+0x1>
     f90:	a0 93 02 3e 	sts	0x3E02, r26	; 0x803e02 <__DATA_REGION_ORIGIN__+0x2>
     f94:	b0 93 03 3e 	sts	0x3E03, r27	; 0x803e03 <__DATA_REGION_ORIGIN__+0x3>
     f98:	08 95       	ret

00000f9a <eeprom_read_byte>:
     f9a:	03 d0       	rcall	.+6      	; 0xfa2 <eeprom_mapen>
     f9c:	80 81       	ld	r24, Z
     f9e:	99 27       	eor	r25, r25
     fa0:	08 95       	ret

00000fa2 <eeprom_mapen>:
     fa2:	fc 01       	movw	r30, r24
     fa4:	e0 50       	subi	r30, 0x00	; 0
     fa6:	fc 4e       	sbci	r31, 0xEC	; 236
     fa8:	08 95       	ret

00000faa <eeprom_update_byte>:
     faa:	26 2f       	mov	r18, r22

00000fac <eeprom_update_r18>:
     fac:	0e 94 d1 07 	call	0xfa2	; 0xfa2 <eeprom_mapen>
     fb0:	00 80       	ld	r0, Z
     fb2:	02 16       	cp	r0, r18
     fb4:	19 f0       	breq	.+6      	; 0xfbc <eeprom_update_r18+0x10>
     fb6:	0e 94 ed 07 	call	0xfda	; 0xfda <eeprom_write_r18>
     fba:	01 97       	sbiw	r24, 0x01	; 1
     fbc:	01 97       	sbiw	r24, 0x01	; 1
     fbe:	08 95       	ret

00000fc0 <eeprom_update_dword>:
     fc0:	03 96       	adiw	r24, 0x03	; 3
     fc2:	27 2f       	mov	r18, r23
     fc4:	0e 94 d6 07 	call	0xfac	; 0xfac <eeprom_update_r18>
     fc8:	0e 94 d5 07 	call	0xfaa	; 0xfaa <eeprom_update_byte>
     fcc:	25 2f       	mov	r18, r21
     fce:	0e 94 d6 07 	call	0xfac	; 0xfac <eeprom_update_r18>
     fd2:	24 2f       	mov	r18, r20
     fd4:	0c 94 d6 07 	jmp	0xfac	; 0xfac <eeprom_update_r18>

00000fd8 <eeprom_write_byte>:
     fd8:	26 2f       	mov	r18, r22

00000fda <eeprom_write_r18>:
     fda:	af 93       	push	r26
     fdc:	bf 93       	push	r27
     fde:	e0 e0       	ldi	r30, 0x00	; 0
     fe0:	f0 e1       	ldi	r31, 0x10	; 16
     fe2:	32 81       	ldd	r19, Z+2	; 0x02
     fe4:	31 fd       	sbrc	r19, 1
     fe6:	fd cf       	rjmp	.-6      	; 0xfe2 <eeprom_write_r18+0x8>
     fe8:	dc 01       	movw	r26, r24
     fea:	a0 50       	subi	r26, 0x00	; 0
     fec:	bc 4e       	sbci	r27, 0xEC	; 236
     fee:	2c 93       	st	X, r18
     ff0:	2d e9       	ldi	r18, 0x9D	; 157
     ff2:	24 bf       	out	0x34, r18	; 52
     ff4:	23 e0       	ldi	r18, 0x03	; 3
     ff6:	20 83       	st	Z, r18
     ff8:	01 96       	adiw	r24, 0x01	; 1
     ffa:	bf 91       	pop	r27
     ffc:	af 91       	pop	r26
     ffe:	08 95       	ret

00001000 <__divmodsi4>:
    1000:	05 2e       	mov	r0, r21
    1002:	97 fb       	bst	r25, 7
    1004:	16 f4       	brtc	.+4      	; 0x100a <__divmodsi4+0xa>
    1006:	00 94       	com	r0
    1008:	0f d0       	rcall	.+30     	; 0x1028 <__negsi2>
    100a:	57 fd       	sbrc	r21, 7
    100c:	05 d0       	rcall	.+10     	; 0x1018 <__divmodsi4_neg2>
    100e:	1c df       	rcall	.-456    	; 0xe48 <__udivmodsi4>
    1010:	07 fc       	sbrc	r0, 7
    1012:	02 d0       	rcall	.+4      	; 0x1018 <__divmodsi4_neg2>
    1014:	46 f4       	brtc	.+16     	; 0x1026 <__divmodsi4_exit>
    1016:	08 c0       	rjmp	.+16     	; 0x1028 <__negsi2>

00001018 <__divmodsi4_neg2>:
    1018:	50 95       	com	r21
    101a:	40 95       	com	r20
    101c:	30 95       	com	r19
    101e:	21 95       	neg	r18
    1020:	3f 4f       	sbci	r19, 0xFF	; 255
    1022:	4f 4f       	sbci	r20, 0xFF	; 255
    1024:	5f 4f       	sbci	r21, 0xFF	; 255

00001026 <__divmodsi4_exit>:
    1026:	08 95       	ret

00001028 <__negsi2>:
    1028:	90 95       	com	r25
    102a:	80 95       	com	r24
    102c:	70 95       	com	r23
    102e:	61 95       	neg	r22
    1030:	7f 4f       	sbci	r23, 0xFF	; 255
    1032:	8f 4f       	sbci	r24, 0xFF	; 255
    1034:	9f 4f       	sbci	r25, 0xFF	; 255
    1036:	08 95       	ret

00001038 <_exit>:
    1038:	f8 94       	cli

0000103a <__stop_program>:
    103a:	ff cf       	rjmp	.-2      	; 0x103a <__stop_program>
